Timestamp,"Name something Tom Corless has, that you wish you had.",Name something you‚Äôd get the Magic Kingdom for its 49th birthday.,Name something you can do for free at Walt Disney World.,Name something that was added to the parks since the pandemic started.,Name a country you‚Äôd like to see added to World Showcase.,Name a Disney-owned animated film that does not feature a princess.,What‚Äôs a Disney character that you think would do well in the NBA?,"Disney Springs, or Downtown Disney?",Have you ever left a compliment at Guest Services?,"Frozen Ever After, or Maelstrom?",Have you ever been to a Disney park that isn‚Äôt in the same country as where you live?,Have you ever bought preferred parking?,Have you ever stayed at a value resort?,Have you ever waited in a standby line for more than 2 hours?,Have you ever used a single rider line?,Have you ever been to Mickey‚Äôs Not-So-Scary in costume?,Have you ever stayed at a monorail resort?
9/13/2020 20:56:33,Money,A new CEO,Get a cup of water,Social distance markers,Peru,Lady and the Tramp,Stretch,Disney Springs,Yes,Maelstrom,Yes,No,Yes,Yes,Yes,Yes,No
9/13/2020 21:06:15,Devilishly good looks,Poohs hunny hunt,Resort hop,Hand sanitizer ,Native America,Big hero 6,Tigger,Disney Springs,Yes,Frozen Ever After,No,No,Yes,Yes,Yes,Yes,No
9/13/2020 21:13:29,Canadian girlfriend,A better restaurant on Main Street USA ,Get a birthday/ occasion button,Hand washing stations ,Australia ,Big hero 6,Tigger,Downtown Disney,Yes,Maelstrom,Yes,No,Yes,No,Yes,Yes,No
9/24/2020 22:55:55,,New ride,Visit resorts,Social distancing,Brazil,Big Hero 6,Goofy,Disney Springs,No,Maelstrom,Yes,Yes,Yes,Yes,Yes,Yes,No
9/24/2020 22:56:13,Money,A Redhead,Breathe ,A virus,Switzerland ,Bambi,Goofy ,Downtown Disney,Yes,Maelstrom,Yes,No,Yes,Yes,Yes,Yes,Yes
9/24/2020 22:56:23,Marlin voice,New TTA track,Get water,Rest areas,Spain,Pinocchio ,Max,Downtown Disney,No,Maelstrom,Yes,No,Yes,No,No,Yes,Yes
9/24/2020 22:56:35,multiple annual passes,new light bulbs,People watch,Castle color,greece,Up,Goofy,Downtown Disney,No,Frozen Ever After,No,No,Yes,Yes,Yes,No,No
9/24/2020 22:57:48,An endless supply of trolls on Twitter,"A ""Jungle Cruise""",Go to the bathroom,Plexi glass everywhere,Australia ,Lilo & Stitch,Maui,Disney Springs,No,Frozen Ever After,No,No,No,No,No,No,No
9/24/2020 22:57:48,Everything ,Working animatronics,Pin trade,Mobile ordering,Russia,Oliver and company ,Baymax,Disney Springs,No,Maelstrom,No,No,Yes,Yes,Yes,No,No
9/24/2020 22:57:53,An annual pass,A limited edition cupcake,Sorcerers of the Magic Kingdom ,Mandatory Masks,Brazil,Lilo and Stitch,Troy Bolton ,Disney Springs,Yes,Frozen Ever After,No,No,Yes,No,Yes,No,Yes
9/24/2020 22:58:03,Disney posters,Covid-19 vaccine,Watch a parade,Floor markers/stickers,Brazil,Hercules,Mrs. Incredible ,Downtown Disney,Yes,Frozen Ever After,No,No,Yes,No,Yes,Yes,Yes
9/24/2020 22:58:14,His hidden Bob Chapek shrine,OLC Ownership,Breething,Budget Cuts ,Russia,The Great Mouse Detective,Goofy,Downtown Disney,Yes,Maelstrom,Yes,No,Yes,Yes,Yes,No,Yes
9/24/2020 22:58:28,Money,Cake,Ride bus,Masks,Australia ,Dumbo,Goofy ,Downtown Disney,Yes,Frozen Ever After,No,No,Yes,No,No,No,No
9/24/2020 22:58:39,Friends,Another Cake Castle,Nothing,Dividers,Korea,Cars 2,Goofy,Disney Springs,No,Maelstrom,No,No,No,Yes,Yes,No,No
9/24/2020 22:58:58,,Balloons ,People Watch,Social Distancing Markers,Brazil,Cars,Goofy,Downtown Disney,No,Frozen Ever After,No,No,Yes,Yes,Yes,No,No
9/24/2020 22:59:08,A company,A repainted castle (again),Get a cup of water,Masks,Brazil,Cars,Mickey Mouse,Disney Springs,Yes,Frozen Ever After,No,Yes,Yes,Yes,Yes,No,No
9/24/2020 22:59:27,Time,Mickey ears,Watch fireworks,Hand Sanitizer ,Australia,Cars,Goofy,Downtown Disney,No,Maelstrom,No,No,Yes,No,Yes,No,Yes
9/24/2020 23:00:00,Chuuby the merchandise bird,Pumpkins,Walk,Purell,Ireland,Fox & the Hound,Dr. Facilier,Disney Springs,No,Frozen Ever After,No,No,No,No,No,No,No
9/24/2020 23:00:12,An annual pass,A Hatbox Ghost,Sorcerer‚Äôs of the Magic kingdom,Plexiglass,Brazil,Meet the Robinsons,Air Bud,Downtown Disney,Yes,Maelstrom,No,No,Yes,No,Yes,No,Yes
9/24/2020 23:00:23,Drinking Problem ,A Beauty and the Beast ride,Get a cup of water ,Hand Sanitizer ,Brazil ,101 Dalmatians ,"Jafar, Kareem Abdul",Disney Springs,Yes,Maelstrom,No,No,Yes,No,No,Yes,Yes
9/24/2020 23:00:41,The chance to go to Disney all the time,A massive cake,People watch,Floor markers,Patagonia ,Monsters inc,Goofy,Disney Springs,Yes,Frozen Ever After,Yes,No,Yes,No,Yes,No,No
9/24/2020 23:00:44,Annual pass ,Hand sanitizer ,Walk,Masks,Israel,Aristocats,Judy hops- zootopia,Downtown Disney,Yes,Frozen Ever After,No,No,Yes,Yes,Yes,Yes,Yes
9/24/2020 23:01:05,,,Hidden mickey hunt,More mobile ordering,Brazil,Cars,Tigger,Downtown Disney,Yes,Frozen Ever After,No,No,Yes,No,Yes,No,No
9/24/2020 23:01:23,WDWNT,Dole Whip,Ride the monorail,Partitions,Spain,Up,Goofy,Disney Springs,No,Frozen Ever After,Yes,No,Yes,Yes,Yes,No,Yes
9/24/2020 23:01:29,Hawaiian shirts,Fireworks ,Get a celebration button ,Masks,Brazil,Brother Bear,Goofy,Disney Springs,No,Frozen Ever After,No,No,Yes,Yes,Yes,Yes,Yes
9/24/2020 23:01:30,A big house,Hand Sanitizer ,Take in the magic,Hand Sanitizer ,Brazil,The Incredibles,Goofy,Downtown Disney,No,Maelstrom,No,No,Yes,No,Yes,No,No
9/24/2020 23:01:38,Annual Pass,Castle cake,Kidcot,Masks,Brazil,Oliver and Company,Goofy ,Disney Springs,Yes,Maelstrom,No,No,Yes,Yes,No,No,Yes
9/24/2020 23:02:04,?,Old castle paint,Resort hop,Cavalcade ,Australia ,101 Dalmatians ,Tigger,Disney Springs,Yes,Maelstrom,No,No,Yes,Yes,Yes,Yes,Yes
9/24/2020 23:02:33,WDW access!!!,Alcohol park-wide ,People watching ,Masks ,Brazil ,The Lion King,Tigger,Downtown Disney,Yes,Maelstrom,No,No,Yes,No,No,Yes,No
9/24/2020 23:02:51,Confidence,Return of Alien Encounter,Sorcerers of the Magic Kingdom,Distance markers,Brazil,Big Hero Six,Goofy,Downtown Disney,Yes,Maelstrom,Yes,No,Yes,Yes,Yes,No,Yes
9/24/2020 23:02:55,Tokyo Disneyland Annual Pass,Cupcake,Sleep,Pexiglass,Iraq,Cars,Stitch,Disney Springs,No,Maelstrom,No,No,Yes,No,Yes,No,No
9/24/2020 23:03:05,Jaws signs,Indiana Jones adventure ,Ride the monorail ,Floor markings,Russia,Big Hero Six,Goofy ,Disney Springs,No,Frozen Ever After,No,No,Yes,Yes,Yes,Yes,No
9/24/2020 23:03:07,Clout,An updated Carousel of Progress,Ride the tram!,The IncrediCrew,North Korea,The Hunchback of Notre Dame,Tigger,Disney Springs,No,Maelstrom,No,No,Yes,Yes,Yes,Yes,No
9/24/2020 23:03:20,,Cake castle,Nothing,Masks,Russia,Peter pan,Goofy,Downtown Disney,No,Maelstrom,No,No,Yes,No,Yes,Yes,No
9/24/2020 23:03:30,Annual pass ,A new exciting ride ,Walk around Disney Sorings,Social distancing ,Australia ,Lion king ,Genie,Disney Springs,Yes,Maelstrom,Yes,No,Yes,Yes,Yes,Yes,Yes
9/24/2020 23:03:40,Money,Benches,People watch,Dividers,Spain,LILO & Stitch,Goofy ,Downtown Disney,Yes,Maelstrom,No,No,Yes,No,No,No,No
9/24/2020 23:03:45,,New fireworks show,Take pictures with characters ,Cavalcades,Australia ,Lilo and Stitch,Tarzan,Downtown Disney,No,Frozen Ever After,No,No,Yes,Yes,Yes,Yes,No
9/24/2020 23:03:52,money,cake,meet characters,masks,Greece,Lilo and Stitch,Sully,Downtown Disney,No,Maelstrom,No,No,Yes,No,No,No,Yes
9/24/2020 23:03:56,,Dole whip,Pin trade,Hand sanitizer ,Bahamas,Bambi,Goofy,Disney Springs,Yes,Frozen Ever After,Yes,Yes,Yes,No,Yes,No,No
9/24/2020 23:04:24,That trash can button up,Good rides,Get a water cup,Lines to get in to stores,Equatorial Africa,Onward,Genie,Disney Springs,No,Maelstrom,No,No,Yes,Yes,Yes,No,No
9/24/2020 23:04:28,A job involving Disney ,,Resort hop,Distanced queue line,,Toy story ,Max ,Disney Springs,No,Frozen Ever After,No,No,Yes,Yes,Yes,No,No
9/24/2020 23:04:41,Pattern button down shirts,A painting of the new castle,Monorail,Relaxation stations,Australia,Coco,Goofy ,Disney Springs,No,Frozen Ever After,No,No,Yes,No,Yes,No,No
9/24/2020 23:04:55,A home near Disney World,Attractions which don‚Äôt break-down,Walk around the Boardwalk,Sanitizer ,India,Jungle Book,Donald Dunk (Duck),Disney Springs,Yes,Frozen Ever After,No,No,No,No,No,No,Yes
9/24/2020 23:05:34,,lots of pixie dust,Get fastpasses ,new merch,Greece,Peter Pan,Genie,Disney Springs,No,Frozen Ever After,Yes,No,Yes,Yes,No,Yes,No
9/24/2020 23:05:45,An unscrupulous website,Cupcake,Electrical water pageant,Temp checks,Brazil,Zootopia,Goofy,Disney Springs,No,Frozen Ever After,No,No,No,No,Yes,No,No
9/24/2020 23:05:55,,Cake,Go to Disney Springs,Temperature screenings,Brazil,Big Hero 6,Goofy,Disney Springs,Yes,Frozen Ever After,No,No,No,Yes,No,Yes,Yes
9/24/2020 23:06:01,All the pins,Main Street Light bulbs,Pirates Adventure,Stickers,Australia,Bambi,Peter Pan,Disney Springs,Yes,Maelstrom,No,No,Yes,No,Yes,Yes,No
9/24/2020 23:06:04,patience,49 pressed pennies,pin trade,queue dividers,thailand ,pinocchio ,goofy,Disney Springs,No,Frozen Ever After,No,No,Yes,No,Yes,No,Yes
9/24/2020 23:06:29,Shirts,Pixie dust ,Rides,Masks,Brazil,Lion king ,Flynn Ryder ,Disney Springs,Yes,Maelstrom,No,No,Yes,No,Yes,No,No
9/24/2020 23:06:34,,,Kidcot,Social distance markers,Spain,Dinosaur,Clarabelle cow,Downtown Disney,Yes,Maelstrom,Yes,No,Yes,No,Yes,Yes,No
9/24/2020 23:06:44,Annual pass,Fireworks ,Breath,Hand sanitizer stations,Sweden,Dumbo,Gaston,Disney Springs,No,Frozen Ever After,No,No,No,No,No,No,No
9/24/2020 23:06:56,Annual pass,Return of nighttime spectaculars,Watch parades/cavalcades,Cavalcades,Brazil,Big Hero 6,Robin Hood,Disney Springs,No,Frozen Ever After,No,No,Yes,No,Yes,Yes,Yes
9/24/2020 23:07:05,,,Go to Disney Springs,Cinderella‚Äôs Castle Paint Job,Spain,Hercules,Goofy,Downtown Disney,Yes,Frozen Ever After,No,No,No,No,Yes,No,No
9/24/2020 23:07:05,Tenacity to ignore people‚Äôs rude comments,Working TTA,Collect transportation trading cards,Monorail Curtains,Australia,The Ugly Dachshund ,Max,Downtown Disney,Yes,Maelstrom,No,Yes,Yes,Yes,Yes,Yes,No
9/24/2020 23:07:55,$$$$$$$$$,$,People watch,Social distance markers,Russia or Jamaica ,Tarzan,Olaf,Downtown Disney,No,Maelstrom,Yes,No,No,No,Yes,No,Yes
9/24/2020 23:08:00,An annual pass,More peoplemovers,Get your temperature checked,Cavalcades,Wakanda,Lion King,Goofy,Disney Springs,No,Frozen Ever After,No,No,Yes,Yes,Yes,Yes,Yes
9/24/2020 23:08:04,A girlfriend,Rid of Bob C.,Breathe ,Calvecade,Fuji,Saladus amigos,Goofy,Disney Springs,Yes,Maelstrom,No,No,Yes,No,Yes,No,No
9/24/2020 23:08:25,,,Ride the monorail,Sanitizer,Greece,Alice in Wonderland,Tigger,Disney Springs,No,Maelstrom,Yes,No,Yes,No,Yes,Yes,Yes
9/24/2020 23:08:29,His life,Paint the castle in frosting ,Breathe,Masks,Australia,Phineas and Ferb: Across the Second Dimension,Ian from Onward (because of his magic staff),Disney Springs,No,Frozen Ever After,No,No,Yes,Yes,No,Yes,Yes
9/24/2020 23:08:32,Money,More money for maintenance ,Ride the monorail,Disney Society Orchestra and Friends,Brazil,Bambi,Goofy,Disney Springs,No,Frozen Ever After,No,No,No,No,Yes,No,Yes
9/24/2020 23:08:33,An oversized ego ,A birthday cake castle,Sorcerers of the Magic Kingdom ,Plexiglass ,Poland ,Zootopia,Hercules,Disney Springs,Yes,Frozen Ever After,No,Yes,Yes,Yes,Yes,Yes,Yes
9/24/2020 23:08:45,Media passes to special events for ,A NEW new paint job for the castle ,Get a cup of water,Social distancing markings,Brazil,Zootopia,Frozone,Downtown Disney,Yes,Frozen Ever After,No,No,Yes,No,Yes,Yes,Yes
9/24/2020 23:08:55,,Fireworks ,People Watch,Social Distance Markers,Greece,Bambi,Goofy,Downtown Disney,Yes,Frozen Ever After,No,Yes,Yes,No,No,Yes,Yes
9/24/2020 23:08:56,His job ,Mickey Balloon,Hotel hop,Calvacades,Spain,Pinocchio,Goofy,Downtown Disney,No,Frozen Ever After,Yes,No,Yes,Yes,No,No,No
9/24/2020 23:09:00,Hawaiian Shirts,A new ride,Ride the monorail,Plexiglass dividers,Ukraine ,Alice in Wonderland ,Baymax,Downtown Disney,No,Maelstrom,No,No,Yes,Yes,Yes,Yes,Yes
9/24/2020 23:09:07,Annual pass,A special greeting card with pixie dust inside ,Be kind,Markers on the ground for social distancing ,,Cars,Frozone from the Incredibles,Downtown Disney,Yes,Maelstrom,No,Yes,No,No,Yes,No,Yes
9/24/2020 23:09:08,Time to go to WDW often,Nighttime parade,Tour resorts,Hand Sanitizer ,Australia ,Jungle Book,Goofy,Disney Springs,Yes,Maelstrom,No,No,Yes,No,Yes,Yes,Yes
9/24/2020 23:09:15,Ugly shirts,Socks,Complain,Tom‚Äôs Live Streams,India,Lilo and Stitch,Goofy,Downtown Disney,Yes,Maelstrom,Yes,No,No,Yes,No,Yes,No
9/24/2020 23:09:25,,Birthday decor,Resort hopping ,Hand washing stations,Korea,Avatar,Stitch,Disney Springs,No,Frozen Ever After,No,No,No,Yes,No,No,No
9/24/2020 23:09:56,Media credentials ,Mask,Exercise ,Hand wash stations,Italy,Cars,Dash,Downtown Disney,No,Frozen Ever After,No,No,Yes,Yes,No,Yes,Yes
9/24/2020 23:10:00,Disney pass?,No covid!,Ride the transportation ,Sanitation stations,Brazil,Lady and the tramp,Goofy ,Downtown Disney,Yes,Frozen Ever After,No,No,Yes,No,No,Yes,No
9/24/2020 23:10:02,an annual pass,new parade,Drink free water,plexi glass,brazil,lion king,buzz lightyear,Downtown Disney,Yes,Maelstrom,No,No,No,No,Yes,No,No
9/24/2020 23:10:26,Button down shirts,Good quick service dining,Watch fireworks,Plexiglass,Brazil,Big Hero 6,Gaston,Downtown Disney,Yes,Maelstrom,No,No,Yes,Yes,Yes,No,No
9/24/2020 23:10:48,Money,My money,Resort Hop,Park Reservation,Kenya,Dumbo,Sully,Downtown Disney,Yes,Frozen Ever After,Yes,No,Yes,No,Yes,No,Yes
9/24/2020 23:10:59,A steady job,A new ride,Pin trade,Construction walls,Australia ,Bambi,Goofy,Disney Springs,Yes,Frozen Ever After,No,No,No,No,No,Yes,No
9/24/2020 23:11:14,Annual pass,Proper maintenance,Ride the monorail,Social distancing markers,Argentina,Toy story,Hercules,Disney Springs,No,Frozen Ever After,No,No,Yes,No,Yes,No,Yes
9/24/2020 23:12:14,,New streets,Nothing ,Hand sanitizer ,Italy ,Monsters inc,Pluto,Downtown Disney,Yes,Frozen Ever After,No,No,Yes,No,No,No,No
9/24/2020 23:12:18,A Disney related career,A repaired People Mover,Visit Disney Springs,Social distancing markers,Brazil,Pinocchio ,Elastagirl ,Downtown Disney,Yes,Maelstrom,No,No,No,No,Yes,Yes,Yes
9/24/2020 23:12:27,Annual Pass,Magical cupcake,Look at the castle,Temperature checks,Greece,Zootopia,Goofy,Disney Springs,Yes,Frozen Ever After,No,No,No,Yes,Yes,No,No
9/24/2020 23:12:31,Florida drivers license,Balloons,Resort hop,Social Distancing markets,Australia ,Toy Story,Goofy,Disney Springs,Yes,Frozen Ever After,No,No,Yes,Yes,Yes,Yes,Yes
9/24/2020 23:12:59,A following ,People Mover parts,Nothing,Social Distancing markers,Brazil,Toy Story,Goofy,Downtown Disney,No,Maelstrom,Yes,Yes,No,Yes,Yes,Yes,Yes
9/24/2020 23:13:00,sense of fashion ,Castle-shaped cake,First visit / birthday buttons ,Social distance markers ,Secret. Swiss. Bobsled. Training. Facility. ,Rescuers ,Tigger,Disney Springs,No,Maelstrom,Yes,No,Yes,Yes,No,Yes,Yes
9/24/2020 23:13:19,,Wine ,Take pictures,Social distancing markers ,Australia,Cars,Maui ,Downtown Disney,Yes,Maelstrom,No,Yes,Yes,No,Yes,Yes,Yes
9/24/2020 23:13:27,,ear plugs,walk,,,Incredibles,Mickey ,Disney Springs,No,,No,No,No,Yes,No,No,No
9/24/2020 23:13:55,Time to go to Disney everyday ,A working people mover,Breathe ,Plexiglass ,Denmark,Lady and the tramp,Kronk,Downtown Disney,Yes,Maelstrom,Yes,Yes,Yes,Yes,Yes,Yes,Yes
9/24/2020 23:14:53,The charming snark,Cake shaped like a castle,Get water,Character Cavalcades,Spain,Treasure Planet,Goofy,Disney Springs,Yes,Frozen Ever After,No,No,Yes,Yes,Yes,Yes,Yes
9/24/2020 23:14:54,A job at WDWNT,A nighttime Parae,Monorail,Social Distancing markers,Israel,Zootopia,Maleficent,Disney Springs,Yes,Frozen Ever After,Yes,No,No,Yes,Yes,No,Yes
9/24/2020 23:14:55,Dinoland plush,Fireworks,Pin Trading,Plastic dividers,Switzerland,Up,Baymax,Disney Springs,Yes,Frozen Ever After,No,No,Yes,No,Yes,Yes,Yes
9/24/2020 23:14:57,Slash Mountain merchandise,toon town,shop,barriers,polynesia,the hunchback of notre dame,Stitch,Downtown Disney,No,Maelstrom,No,No,No,No,Yes,No,No
9/24/2020 23:14:57,A job that revolves around Disney ,A covid cure,Meet Mickey,More Tron ,Israel,Toy Story,Goofy,Downtown Disney,Yes,Frozen Ever After,No,Yes,Yes,Yes,No,No,Yes
9/24/2020 23:15:20,A Podcast,Mickey-shaped Birthday Cake,Watch Parade,Masks,Russia,Alice in Wonderland,Mulan,Downtown Disney,No,Frozen Ever After,No,Yes,Yes,Yes,No,No,No
9/24/2020 23:15:55,Haters,A new People mover ,Walk around disney springs,Masks,Greece,UP,Mickey,Downtown Disney,Yes,Maelstrom,No,Yes,No,Yes,Yes,Yes,Yes
9/24/2020 23:16:22,,Birthday cake,Watch parades,6ft stickers on the ground ,Brazil,Up,Tigger,Disney Springs,Yes,Frozen Ever After,No,No,No,No,Yes,No,No
9/24/2020 23:16:34,A sunny disposition,A booth for Tom to do Tomorrowland Speedway commentary,Park at Disney Springs,Line markers,Ukraine,Big hero 6,Figment,Disney Springs,Yes,Frozen Ever After,Yes,No,Yes,No,Yes,No,No
9/24/2020 23:17:26,Annual Pass,Fastpasses,Cups of ice water,Hand sanitizer ,Greece,LILO and Stitch,Genie,Disney Springs,Yes,Frozen Ever After,No,No,Yes,Yes,Yes,Yes,No
9/24/2020 23:17:40,Anything,Balloons,Pool Hop,Hand Sanitizer,Brazil,Fox and the Hound,Goofy ,Downtown Disney,Yes,Frozen Ever After,Yes,No,Yes,Yes,Yes,Yes,Yes
9/24/2020 23:17:59,An unlimited supply of Disney merch,Disneyland churros,Resort hop,Park pass reservations ,Australia ,Dumbo,Brave,Downtown Disney,No,Frozen Ever After,No,No,Yes,Yes,No,Yes,No
9/24/2020 23:18:11,Fibellefi lol,Card,Ice water from quick service,Plexi barriers,Russia,Fox & hound,Brer Bear,Downtown Disney,Yes,Maelstrom,No,No,Yes,No,Yes,No,No
9/24/2020 23:18:15,I don‚Äôt know,A new train,Breathe,Character Cavalcades,Brazil,Finding Nemo,Goofy,Disney Springs,Yes,Maelstrom,No,No,Yes,No,Yes,No,Yes
9/24/2020 23:18:31,Black spire sausage,Maintenance ,Skyliner ,Masks,Australia ,Coco,Goofy,Disney Springs,No,Frozen Ever After,No,No,No,No,No,No,No
9/24/2020 23:18:40,Proximity to DW,New attraction,Trade pins,Mask restrictions,Ireland,Toy Story 4,Slinky Dog,Disney Springs,No,Frozen Ever After,No,No,No,No,Yes,No,Yes
9/24/2020 23:18:52,An annual pass ,A face mask ,Look at Mickey pumpkins on Main Street ,Social distance markers,Switzerland ,Monsters University,Goofy... lots of slam dunks,Disney Springs,No,Frozen Ever After,Yes,No,Yes,Yes,Yes,No,No
9/24/2020 23:19:04,His job!,Flowers,Monorail Crawl,Cavalcade ,Peru,Emperor‚Äôs New Groove,GoGo from Big Hero 6,Downtown Disney,Yes,Maelstrom,No,No,Yes,No,Yes,Yes,No
9/24/2020 23:19:29,,Art mural ,Go to resorts ,Hand sanitizing stations ,Iceland ,Wreck it Ralph ,Goofy ,Downtown Disney,No,Frozen Ever After,No,Yes,Yes,Yes,Yes,Yes,No
9/24/2020 23:19:40,Annual pass to Disney World,A birthday cake,Go to Disney Springs,Hand sanitizer stations,Greece,Pinocchio ,Goofy,Disney Springs,No,Maelstrom,No,No,Yes,Yes,No,Yes,No
9/24/2020 23:19:49,A good camera ,New monorails ,Ride Disney transportation ,Hand sanitizer ,Australia ,Home Again ,Goofy,Downtown Disney,Yes,Maelstrom,No,No,Yes,Yes,Yes,Yes,Yes
9/24/2020 23:19:57,That shirt collection,New monorail trains,Nothing,Masks,Australia,Coco,Goofy ,Disney Springs,No,Frozen Ever After,No,No,Yes,No,No,No,Yes
9/24/2020 23:20:13,Inside Scoop,Cupcake,Disney Springs,Social Distance Markers,Spain,Big Hero 6,Peter Pan,Downtown Disney,Yes,Maelstrom,Yes,No,Yes,Yes,Yes,No,Yes
9/24/2020 23:20:14,Dinoland plush,Fireworks,Pin Trading,Plastic dividers,Switzerland,Up,Baymax,Disney Springs,Yes,Frozen Ever After,No,No,Yes,No,Yes,Yes,Yes
9/24/2020 23:20:32,Annual Pass,Birthday cake,Get buttons ,Virtual cues,Iceland ,Peter Pan,Tiger,Disney Springs,Yes,Frozen Ever After,No,No,Yes,Yes,Yes,No,Yes
9/24/2020 23:21:36,,,,Runaway Railroad,Greece,Hercules,,Downtown Disney,Yes,Maelstrom,Yes,No,Yes,Yes,Yes,Yes,No
9/24/2020 23:21:38,Groovy shirts ,A vaccine ,Get Corona ,Breathing room ,Iceland ,Brother Bear,Kevin ,Disney Springs,Yes,Frozen Ever After,No,Yes,No,No,Yes,No,No
9/24/2020 23:21:46,Disney Parks props ,The hunted mansion ,,Cavalcade ,Switzerland ,The Three Caballeros ,Thumper,Downtown Disney,Yes,Maelstrom,No,No,Yes,Yes,No,No,Yes
9/24/2020 23:22:34,Nadda,My presence ,resort hop,Plexiglass ,Poland,Fox and the Hound,goofy ,Downtown Disney,No,Frozen Ever After,No,No,Yes,No,Yes,Yes,No
9/24/2020 23:22:53,,Cake,Ride the monorail,Hand washing stations,Australia ,The Fox & the Hound,Goofy,Disney Springs,No,Maelstrom,No,No,Yes,Yes,Yes,Yes,Yes
9/24/2020 23:23:04,Black spire sausage ,Maintenance ,Skyliner ,Agressive turkey leg callers ,Pandora,Coco,Goofy,Disney Springs,Yes,Frozen Ever After,No,Yes,Yes,Yes,Yes,Yes,Yes
9/24/2020 23:23:23,A Disney Job,A Nighttime Spectacular ,Ride the Skyliner,Park Reservations ,Greece,Bambi,Mushu,Disney Springs,Yes,Maelstrom,No,No,Yes,Yes,Yes,No,Yes
9/24/2020 23:24:30,Money ,Better app,Take pictures ,Runaway railway ,Australia ,101 Dalmatians ,Goofy,Downtown Disney,Yes,Maelstrom,No,No,Yes,Yes,Yes,No,No
9/24/2020 23:24:31,Fearlessness ,A Mr Toad ride,Visit Disney Springs,Physical distance markings ,Ireland,Cars,Wreck It Ralph,Downtown Disney,No,Maelstrom,No,Yes,Yes,No,Yes,No,Yes
9/24/2020 23:24:43,Pins,Yedi,Pin Trading,Cavalcades,Brazil,Toy Story,Goofy,Disney Springs,No,Frozen Ever After,No,No,Yes,No,Yes,Yes,No
9/24/2020 23:24:59,Black spire sausage ,Maintenance ,Sweat,Plastic dividers ,Brazil,Coco,Goofy ,Disney Springs,Yes,Frozen Ever After,No,No,No,No,No,No,Yes
9/24/2020 23:25:02,His Annual Pass,Cash,Ride the Monorail,Plexiglass,Liechtenstein,Lady & The Tramp,Baymax,Disney Springs,No,Frozen Ever After,No,No,No,No,No,No,No
9/24/2020 23:25:19,Nothing,A new CEO,Smell the aromas,Plexiglass,Australia,Hercules,The genie,Downtown Disney,Yes,Maelstrom,No,No,No,No,Yes,No,Yes
9/24/2020 23:25:46,Annual Pass,A fixed peoplemover ,Get water from any restaurant,Plexiglass shields in the queue‚Äôs,Egypt ,Big hero 6,Kronk from emperor‚Äôs new groove ,Downtown Disney,Yes,Maelstrom,No,No,No,No,No,Yes,No
9/24/2020 23:25:58,Nothing ,Nighttime parade,Ride the monorail,Plexiglass,New Zealand,Zootopia ,Gaston,Downtown Disney,Yes,Maelstrom,No,No,Yes,No,Yes,Yes,Yes
9/24/2020 23:26:00,,,Go to Disney Springs,,Greece,Big hero 6,Goofy,Disney Springs,No,Frozen Ever After,Yes,No,No,Yes,Yes,No,No
9/24/2020 23:26:20,WDW annual pass,A new nighttime parade,Resort hop,Plexiglass,Greece,Peter Pan,Tigger,Disney Springs,Yes,Frozen Ever After,No,No,Yes,Yes,Yes,Yes,Yes
9/24/2020 23:26:20,,,,,Australia ,The Great Mouse Detective ,Goofy,Disney Springs,No,Frozen Ever After,No,No,Yes,No,Yes,No,No
9/24/2020 23:26:32,Black spire sausage ,Maintenance ,Sweat,Hand sanitizer ,Australia ,Coco,Goofy,Disney Springs,No,Frozen Ever After,No,No,No,No,No,No,No
9/24/2020 23:26:38,Black spire sausage ,Maintenance ,Sweat,Hand sanitizer ,Australia ,Coco,Goofy,Disney Springs,No,Frozen Ever After,No,No,No,No,No,No,No
9/24/2020 23:26:44,Walt‚Äôs Frozen Head,A decent pizza,Monorail,Sana‚Äôa Bread Service takeout,Australia ,Zootopia,Goofy,Disney Springs,Yes,Maelstrom,No,No,Yes,Yes,No,Yes,No
9/24/2020 23:26:44,Fame,The old castle paint job,Resort hop,Happy Times with Baymax,Brazil ,Tarzan,Goofy,Downtown Disney,Yes,Maelstrom,No,No,Yes,Yes,Yes,Yes,No
9/24/2020 23:26:46,New Hidden Mickey pins ,A Coronavirus Cure,Argue with your family ,Social Distancing ,Africa ,Brother Bear,Jafar ,Downtown Disney,Yes,Frozen Ever After,Yes,No,Yes,No,Yes,,Yes
9/24/2020 23:26:51,,A new paint job ,Sweat,Pexiglass ,Ireland ,Hercules ,Jafar,Downtown Disney,No,Maelstrom,No,No,Yes,No,Yes,Yes,Yes
9/24/2020 23:26:57,Disney passholder,,Make memories,Social distancing,Holland,101 dalmations,Mrs. Incredibles,Disney Springs,No,Maelstrom,No,No,Yes,No,No,No,No
9/24/2020 23:27:30,Dino plushes ,A permanent Splash Mountain ,Walk around the springs ,Cavalcades,Israel,Lilo and Stitch,Donald,Disney Springs,Yes,Maelstrom,No,Yes,Yes,Yes,Yes,Yes,Yes
9/24/2020 23:29:16,All his memorabilia,A new peoplemover,Sorcerers of the magic kingdom,Plexiglass,Brazil,Wind in the willows,Frozone,Downtown Disney,No,Maelstrom,No,No,Yes,Yes,No,No,No
9/24/2020 23:29:19,All his memorabilia,A new peoplemover,Sorcerers of the magic kingdom,Plexiglass,Brazil,Wind in the willows,Frozone,Downtown Disney,No,Maelstrom,No,No,Yes,Yes,No,No,No
9/24/2020 23:29:44,,Better Tasting Water,Visit Disney Springs,Plexiglass,India,Dumbo,Goofy,Disney Springs,Yes,Frozen Ever After,No,No,Yes,Yes,No,Yes,Yes
9/24/2020 23:29:50,Don‚Äôt know,The old castle back ,Meet the characters ,The ugly new castle/ I hate the new colors ,Australia , Lady and the tramp,Sully,Downtown Disney,Yes,Frozen Ever After,No,No,No,No,No,No,Yes
9/24/2020 23:29:56,Merchandise from Tokyo Disneyland,Show quality maintenance,Ride the monorail,Social distance panels in Q,Athens Greece,Robin Hood,Jack skeleton,Disney Springs,No,Maelstrom,No,No,Yes,No,Yes,Yes,No
9/24/2020 23:30:28,Nothing,Pretzel,Get Ice Water,Masks,New Zealand ,Atlantis,Stitch,Downtown Disney,Yes,Frozen Ever After,No,No,Yes,Yes,Yes,Yes,Yes
9/24/2020 23:30:46,Sausageeeee ... and an ability to get merch from any Disney park in the world from people working for you ,A working people mover ,Define free...Walk...,Lines of tap every 6 ft ... everywhere ,Russia... or Poland (less political) ,Pinocchio ü§• ,Tigger ,Downtown Disney,Yes,Maelstrom,No,No,Yes,No,Yes,No,Yes
9/24/2020 23:31:08,,A new merchandise store around main street,Go on some rides in the monorail just looking at the resorts,The hand washing stations,Definitely Brazil ,Lady and the Tramp,Hercules ,Disney Springs,Yes,Frozen Ever After,No,No,No,Yes,Yes,No,No
9/24/2020 23:31:17,,,,Hand washing stations ,Australia ,101 Dalmatians ,Tigger,Disney Springs,Yes,Maelstrom,No,No,No,No,Yes,No,Yes
9/24/2020 23:32:01,Shirt Collection ,A maintenance report,Selfie with a duck,Plexiglass ,Israel ,Lion King,Tigger,Downtown Disney,No,Frozen Ever After,No,No,No,Yes,Yes,Yes,Yes
9/24/2020 23:32:02,A job centered around WDW!,Permits for a new Fab Five themed ride ‚ù§Ô∏è,Play Sorcerers of the Magic Kingdom,Cavalcades ,Iceland,Big Hero 6,The March Hare,Disney Springs,Yes,Maelstrom,No,No,Yes,No,Yes,Yes,Yes
9/24/2020 23:33:26,money,Cake,People Watch,Social distance,anything tropical,Monsters Inc,Elsa,Disney Springs,Yes,Frozen Ever After,No,No,No,No,Yes,Yes,No
9/24/2020 23:34:00,,People over up and running,Hub grass and chill,Hand sanitizer ,Switzerland,Lion king,Dash,Disney Springs,No,Maelstrom,No,No,Yes,No,Yes,No,No
9/24/2020 23:34:16,,Dole whip,Cup of water,Masks,Brazil,Lady and the Tramp,Genie,Disney Springs,No,Frozen Ever After,No,Yes,Yes,No,Yes,No,No
9/24/2020 23:34:19,Annual Pass,Commemorative Pin,Window Shopping,Social Distancing Markers,India,Up,Goofy,Downtown Disney,No,Maelstrom,No,No,Yes,Yes,Yes,Yes,Yes
9/24/2020 23:34:21,All the Disney button-up shirts,Better management ,People watch,Plastic dividers,Australia ,Bambi ,Judy Hopps,Disney Springs,No,Frozen Ever After,No,No,Yes,No,No,No,No
9/24/2020 23:35:10,A short drive to the parks,A new monorail,Visit the resorts ,Hand washing stations,Denmark,Zootopia,,Disney Springs,No,Frozen Ever After,No,No,Yes,No,Yes,No,Yes
9/24/2020 23:35:36,The audacity ,Castle cake pt. 2 ,Resort hop ,Social distance markers,Greece,Big hero 6,Goofy ,Downtown Disney,No,Maelstrom,No,No,No,Yes,Yes,No,Yes
9/24/2020 23:36:36,,A Do-Over on year 49,Search for Hidden Mickeys,Masks,India,The Jungle Book,Tigger,Disney Springs,No,Frozen Ever After,No,No,No,No,No,Yes,No
9/24/2020 23:36:41,Disney Annual Passes,Fireworks,Pin Trading,Resting Stations,Greece,Lion King,Goofy,Downtown Disney,No,Frozen Ever After,No,No,,Yes,No,No,No
9/24/2020 23:38:45,Resort Reservations,Save Splash Mountain,Ride the monorail ,Masks for sale,India,Lilo & Stitch ,Tigger ,Downtown Disney,Yes,Frozen Ever After,No,No,Yes,Yes,Yes,No,Yes
9/24/2020 23:39:06,Money,Cake,Walk around,Hand sanitizer stations,Brazil,Big Hero 6,goofy,Disney Springs,No,Frozen Ever After,No,No,No,No,No,No,No
9/24/2020 23:39:13,Nothing ,A big castle cake,People watch,Hand sanitizer ,Sweeden,Cars,Goofy ,Downtown Disney,Yes,Frozen Ever After,No,No,Yes,Yes,Yes,Yes,No
9/24/2020 23:41:18,,Cake ,Drink water ,Masks ,Australia ,Toy story ,Goofy ,Downtown Disney,No,Frozen Ever After,No,Yes,Yes,Yes,Yes,No,No
9/24/2020 23:41:27,Frequent flyer miles,Fast passes,Get a sun burn,Cavalcades,Australia,Lilo and stitch,Maui,Downtown Disney,No,Frozen Ever After,No,No,No,Yes,No,No,No
9/24/2020 23:42:02,Money,Birthday Cake,Kidcot Fun Stop,Social Distancing ,Greece,101 Dalmatians ,Goofy,Disney Springs,Yes,Frozen Ever After,,No,Yes,No,Yes,Yes,No
9/24/2020 23:42:44,Don‚Äôt know who he is üíÅüèª‚Äç‚ôÄÔ∏è,Fully functioning with a full house!,Sit and people watch! My favorite! ,Sanitizer ,Spain,Bambi,Shrek,Disney Springs,Yes,Frozen Ever After,No,Yes,No,Yes,Yes,Yes,Yes
9/24/2020 23:42:53,An annual pass,A new Beaty and the Beast ride,sorcerers of the Magic Kingdom ,Plexiglass,South Africa ,Sword in the Stone ,Tigger,Disney Springs,No,,No,No,No,No,No,No,No
9/24/2020 23:43:54,A life,New paint,Ride the monorail,Wait here signs ,Australia ,Oliver and Company,Goofy,Downtown Disney,No,Maelstrom,No,No,No,No,Yes,No,No
9/24/2020 23:46:37,,Fireworks ,,Masks,Australia ,Bolt,Goofy,Downtown Disney,No,Frozen Ever After,No,No,Yes,No,No,No,Yes
9/24/2020 23:48:18,,Cake,,The hand sanitizer stations,Australia ,Finding Nemo,Tiger,Disney Springs,No,,No,No,No,Yes,No,No,No
9/24/2020 23:50:54,Money ,Balloon ,Ride monorail ,Masks for everyone,Australia ,Bambi,Goofy,Disney Springs,Yes,Maelstrom,No,No,Yes,No,Yes,Yes,No
9/24/2020 23:51:28,,A new pair of ears,Get a celebration button,Temperature Checks,,Bambi,Tigger,Disney Springs,No,Frozen Ever After,No,No,No,No,Yes,No,No
9/24/2020 23:54:09,,Magic Band,Get free buttons,Required Masks,South Korea,Brother Bear,Goofy,Disney Springs,Yes,Frozen Ever After,Yes,No,Yes,Yes,Yes,Yes,No
9/24/2020 23:56:59,Who is Tom corless?,Cake,Go to Disney springs ,Hand sanitizer ,Thailand ,Emperors new groove ,Goofy,Downtown Disney,No,Frozen Ever After,Yes,No,Yes,Yes,Yes,Yes,Yes
9/24/2020 23:57:03,A Disney related job!,Fireworks!,Ride the monorail,Masks,Australia,Peter Pan,Goofy,Downtown Disney,Yes,Frozen Ever After,Yes,No,Yes,Yes,Yes,Yes,No
9/24/2020 23:59:19,,,,,,,,,,,,,,,,,
9/25/2020 0:00:07,Idk ,Fireworks!,Take pictures ,Halloween decorations! ,Australia ,Lilo and stitch ,Pete,Disney Springs,Yes,Frozen Ever After,Yes,No,Yes,Yes,Yes,Yes,Yes
9/25/2020 0:01:23,Unlimited time at Disney,New Monorails,Ride the Monorail,Plastic shields,Australlia,The Old Mill,Goofy,Downtown Disney,Yes,Maelstrom,Yes,No,Yes,Yes,Yes,No,Yes
9/25/2020 0:02:03,Easy access to the parks,Mickey ears,Ride the bus,Plastic barriers,Australia ,Dumbo,Goofy,Disney Springs,No,Frozen Ever After,No,No,Yes,Yes,Yes,No,Yes
9/25/2020 0:02:21,The arrival details ,Ears ,Meet the characters,Plastic barriers,Philippines,Pinocchio,Goofy,Disney Springs,Yes,Frozen Ever After,No,No,Yes,Yes,Yes,No,No
9/25/2020 0:02:34,Time for Theme Parks,Chandu,Skyliner ,Personal Space,Australia ,Hercules ,Goofy ,Disney Springs,Yes,Frozen Ever After,Yes,Yes,Yes,Yes,Yes,Yes,Yes
9/25/2020 0:02:46,,Mikey balloon,Ride rides,Mask,Australia ,Toy story,Darth Vader ,Disney Springs,No,Frozen Ever After,No,No,Yes,Yes,No,No,No
9/25/2020 0:05:41,Money,Cake,Use the bathroom,Face masks ,Philippines ,Lady and the tramp,Goofy ,Disney Springs,Yes,Frozen Ever After,No,Yes,Yes,Yes,Yes,No,Yes
9/25/2020 0:07:48,A booth from beaches and cream,Fun ride overlays!,Get a birthday cupcake & card!,Social distance floor markings,Colombia,Dumbo,Tigger,Disney Springs,Yes,Maelstrom,No,Yes,No,No,Yes,Yes,No
9/25/2020 0:08:10,,A churro,Get a button from City Hall,Social distancing markers,Argentina,Lilo & Stitch,Frozone,Downtown Disney,Yes,Frozen Ever After,No,No,No,No,Yes,No,Yes
9/25/2020 0:08:09,His job,Smaller crowds (not considering covid),Smile,Hand sanitizer,Colombia,Finding Nemo,Tarzan or Gaston,Disney Springs,Yes,Frozen Ever After,No,No,Yes,No,Yes,Yes,Yes
9/25/2020 0:08:43,Annual pass,A nighttime parade.,Use transportation,Cavalcades,Australia,Toy Story,Goofy,Disney Springs,No,Frozen Ever After,No,No,Yes,No,Yes,No,No
9/25/2020 0:09:17,Wish I hot to visit the Disney theme park! ,,Go on rides?!,,Italy,Monsters Inc. ,Mickey ,Disney Springs,No,Frozen Ever After,No,No,Yes,No,Yes,No,No
9/25/2020 0:10:05,All access passes to the four best theme parks in the world. ,Red and black Mickey Mouse inspired Corvette,Character autographs ,Temperature check points ,Ireland ,Pinocchio ,Goofy,Disney Springs,Yes,Maelstrom,No,Yes,Yes,No,Yes,Yes,Yes
9/25/2020 0:10:47,,Mickey Ears,Disney Springs,Social Distance Markings,Spain,,Dash,Downtown Disney,Yes,Frozen Ever After,No,No,Yes,Yes,No,No,No
9/25/2020 0:11:10,,Immunity to Covid ü§£,Visit Disney springs ,Hand washing stations,Australia ,Finding Nemo,Sully,Disney Springs,No,Frozen Ever After,No,No,Yes,No,Yes,No,No
9/25/2020 0:11:58,Daryl,The people mover to work,Get water,Temperature scans,Austria,Bambi,Goofy,Disney Springs,Yes,Frozen Ever After,No,No,No,Yes,No,No,Yes
9/25/2020 0:14:33,The name Tom,AARP membership ,Get ice water ,Mask policy ,Russia,101 Dalmatians ,Air Bud,Downtown Disney,Yes,Maelstrom,No,No,Yes,No,Yes,Yes,No
9/25/2020 0:15:00,Sources,Mickey ears on castle,Ride monorail ,Park reservations,Greece,Zootopia,Hercules,Downtown Disney,No,Maelstrom,No,No,No,No,Yes,No,No
9/25/2020 0:16:08,Great hairstyle,Birthday cake castle remake,Get a cup of water,Full contactless pay... finally,Australia,Bambi,Hercules,Disney Springs,No,Frozen Ever After,No,No,No,Yes,Yes,No,No
9/25/2020 0:16:44,ACCESS to Club 33,Something unique for their employees,Rides ,more hand sanitizer stations,Venezuela,Alice in Wonderland ,Goofy,Downtown Disney,Yes,Maelstrom,No,No,No,Yes,Yes,Yes,No
9/25/2020 0:17:00,,New Parade,Sit,Plexiglass ,Brazil ,Tarzan,Goofy ,,Yes,Frozen Ever After,No,No,Yes,No,Yes,Yes,No
9/25/2020 0:21:27,,More characters ,Pin trading,Masks,Australia,Ratatouille ,Goofy,Disney Springs,No,Maelstrom,No,No,Yes,No,Yes,No,No
9/25/2020 0:21:34,,More fireworks ,Water at Starbucks,Ratatouille ,Brasil,Hercules,Hercules ,Disney Springs,No,Frozen Ever After,No,Yes,Yes,Yes,Yes,No,No
9/25/2020 0:21:55, sense of humor ,Better restaurant,Meet Characters,Ground markers,Scotland,Bambi,Goofy,Disney Springs,No,Frozen Ever After,No,No,Yes,No,Yes,No,No
9/25/2020 0:22:58,Gelatoni ,Birthday cake castle ,Collect buttons,Plexiglass dividers ,Peru,Zootopia,Naveen ,Downtown Disney,Yes,Maelstrom,No,Yes,Yes,No,Yes,Yes,Yes
9/25/2020 0:27:36,,A night time show at Animal Kingdom ,Ride the monorail ,Plexi glass,Brazil,Lion king,Goofy,Downtown Disney,Yes,Maelstrom,No,No,Yes,Yes,Yes,No,Yes
9/25/2020 0:32:38,A disney related job ,49 red roses and one white ,Pin trade,Temperature screening ,Scotland,Inside Out,Aladdin,Disney Springs,No,Frozen Ever After,No,No,Yes,No,Yes,No,No
9/25/2020 0:34:45,The name Tom,New keys to the kingdom ,Stroll around Disney Springs,Hand washing station ,Spain,Bolt,Goofy,Downtown Disney,Yes,Maelstrom,No,No,Yes,Yes,Yes,Yes,No
9/25/2020 0:35:56,His job,Mr toads wild ride,resort hop,Character cavalcade ,Israel,The great mouse detective ,Tarzan ,Downtown Disney,Yes,Frozen Ever After,No,No,Yes,Yes,No,Yes,Yes
9/25/2020 0:41:30,,A redone People Mover Ride,People Watch,Social Distance Markers,Brazil,Big Hero 6,Goofy,Disney Springs,Yes,Frozen Ever After,No,Yes,Yes,Yes,Yes,Yes,Yes
9/25/2020 0:43:47,Annual pass ,Another castle makeover,People watch ,Distance markers ,Finland,Monsters Inc ,Elastigirl ,Disney Springs,No,Frozen Ever After,No,No,Yes,No,Yes,No,No
9/25/2020 0:48:25,A popular blog ,Pixie dust ,Sorcers of the magic kingdom,Hand washing stations ,Israel ,101 Dalmatians ,Goofy,Disney Springs,Yes,Frozen Ever After,No,Yes,Yes,Yes,Yes,No,Yes
9/25/2020 0:49:12,,,get a birthday button! ride the skyliner!,character cavalcades,Russia!,Jungle Book,Goofy‚Äîheightwise at least,Disney Springs,No,Maelstrom,No,No,Yes,Yes,Yes,Yes,Yes
9/25/2020 0:51:07,His job ,A better paint job ,People watch ,Dividers ,Spain ,The Emperor's New Groove  ,Goofy ,Downtown Disney,Yes,Frozen Ever After,No,No,Yes,Yes,Yes,No,Yes
9/25/2020 0:53:00,,Repaint the castle back to the old version,Resort Hop,Masks,Brazil,Hunchback of Notre Dame,Goofy,Disney Springs,Yes,Frozen Ever After,No,No,Yes,Yes,Yes,Yes,Yes
9/25/2020 0:55:28,His dog,Construction workers,Monorail,Social distancing ,Brazil,Incredibles,Goofy,Downtown Disney,Yes,Maelstrom,No,No,Yes,Yes,Yes,Yes,Yes
9/25/2020 0:56:48,,,Ride the monorail,Park reservations ,India ,Alice in Wonderland,Peter Pan,Downtown Disney,No,Maelstrom,No,No,No,No,Yes,No,Yes
9/25/2020 0:57:03,Unlimited visits to Disney World ,A pair of giant Mickey ears ,Photo ops ,Social distancing markers ,Haiti,Toy story ,Troy Bolton ,Disney Springs,No,,No,No,No,Yes,Yes,No,No
9/25/2020 0:58:59,Who is Tom Corless?,More land to expand!,Resort hop,Mask requirement,Africa,Mulan,Kronk,Disney Springs,No,Frozen Ever After,No,Yes,Yes,No,Yes,Yes,Yes
9/25/2020 1:02:21,Disney tickets,A new monorail,Walk around Disney Springs,Hand sanitizing stations,Spain,Toy Story,Tigger,Disney Springs,Yes,Frozen Ever After,No,No,Yes,Yes,Yes,No,No
9/25/2020 1:04:14,,Cake,Get water,Character Cavalcade ,Spain,Fox and the Hound,Goofy,Disney Springs,No,Maelstrom,No,No,Yes,Yes,Yes,No,No
9/25/2020 1:05:31,brer rabbit plush,A mask,Chip 'N Dale's Campfire Sing-A-Long,Proper sanitation ,Greece! Segway to Hercules  ,Fox in the hound ,Bugs bunny. Space jam ,Downtown Disney,Yes,,No,No,No,Yes,Yes,No,No
9/25/2020 1:06:44,Splash Mountain plush,Hatbox Ghost,Ride the Monorail ,New security screening at Animal Kingdom,Australia,Fox and the Hound,Peter Pan,Downtown Disney,Yes,Maelstrom,No,No,Yes,No,Yes,Yes,Yes
9/25/2020 1:15:55,The ability to go to Tokyo Disney Resort,A fresh coat of paint,Breathe,Plastic barriers,Finland,The Fox & the Hound,Tigger,Disney Springs,No,Maelstrom,No,No,No,No,No,No,No
9/25/2020 1:28:20,a job in Florida,a vaccine,people watch,plexiglass,Scotland,Sword in the Stone,Goofy,Disney Springs,Yes,Maelstrom,Yes,No,Yes,No,Yes,Yes,Yes
9/25/2020 1:31:40,His 'job',Better hotdogs,Park in the Lime Garage at Disney Springs,Karens,Australia,Victory Through Air Power,Grumpy,Disney Springs,Yes,Frozen Ever After,Yes,No,No,No,No,No,No
9/25/2020 1:32:56,An excellent attitude ,A pin.,Get an ice water,Lots of plexiglass ,Ireland ,Jungle Book,Brer Rabbit,Downtown Disney,Yes,Frozen Ever After,No,No,No,Yes,Yes,Yes,No
9/25/2020 1:34:21,Premier Pass,Halloween Decorations,Drink Ice Water,Sanitizer Stations,India,Dumbo,Tigger,Disney Springs,Yes,Maelstrom,No,No,Yes,Yes,Yes,No,Yes
9/25/2020 1:37:13,Annual pass,A castle-sized cake,Get a cup of water,Social distancing markers,Egypt,Coco,Hercules,Downtown Disney,No,Frozen Ever After,No,No,Yes,No,No,Yes,No
9/25/2020 1:42:33,,More restaurants ,Smile,Masks,Ireland,The Fox and the Hound,Goofy,Disney Springs,Yes,Maelstrom,,Yes,Yes,Yes,Yes,Yes,No
9/25/2020 1:43:40,A backstage pass to Trixie‚Äôs boudoir,A convertible and a new wife,Yell at guest relations,Hand sanitizer ,Brazil,A Goofy Movie,Hercules,Disney Springs,Yes,Maelstrom,No,No,Yes,No,Yes,Yes,No
9/25/2020 1:48:23,Annual Pass,A cake,Kidcot,Masks,Australia,Big Hero 6,Goofy,Downtown Disney,No,Maelstrom,No,No,Yes,Yes,No,No,No
9/25/2020 1:48:31,Endless Disney Trips,Mickey Ears,Sorcerer of Magic Kingdom,Temperature Checks,Brazil,Cars,Goofy,Downtown Disney,Yes,Maelstrom,No,No,No,No,Yes,No,No
9/25/2020 1:50:29,A job,Covid vaccine,Breathe air,Plexiglass,Brazil,Dumbo,Baloo,Disney Springs,Yes,Maelstrom,No,Yes,Yes,Yes,Yes,No,No
9/25/2020 2:02:43,,Cake,Walk on Disney Springs,Sanitary stations,Brasil,Chicken little,Clarabelle,Downtown Disney,No,Maelstrom,Yes,Yes,Yes,Yes,Yes,No,Yes
9/25/2020 2:04:54,,Cake,,Hand sanitizer,,Finding Nemo,Goofy,Downtown Disney,Yes,Frozen Ever After,No,No,Yes,No,Yes,No,Yes
9/25/2020 2:08:09,,Return of parades and fireworks ,Ride the skyline RS and monorail ,Character calvacades,Jamaica ,The Fox and the Hound,Goofy,Downtown Disney,Yes,Frozen Ever After,No,No,Yes,No,Yes,Yes,Yes
9/25/2020 2:16:39,Free access,Fireworks ,Ride rides,Masks for sale,Africa,Dumbo,Goofy,Disney Springs,Yes,Frozen Ever After,No,No,Yes,Yes,Yes,Yes,Yes
9/25/2020 2:33:19,,,Drink water,Annoying guests,,Hercules,Merida,Disney Springs,Yes,Frozen Ever After,No,Yes,No,Yes,Yes,No,Yes
9/25/2020 2:46:31,Park pass,A cake,Nothing,Masks,Australia,Lilo & Stitch,Goofy,Disney Springs,No,,No,No,No,Yes,Yes,No,No
9/25/2020 2:48:32,LEGO millennial falcon,Covid ,Have fun ,Hand sanitizer,Brazil ,Zootopia ,Hercules,Downtown Disney,Yes,Maelstrom,No,No,Yes,No,Yes,No,No
9/25/2020 2:54:57,,More rides ,Get buttons ,Standing stickers,Greece,Up,Max,Disney Springs,Yes,Maelstrom,No,No,Yes,Yes,Yes,No,No
9/25/2020 2:57:52,Chuuby the merchandise bird,The railroad back,Ride the monorail,Social distancing,Australia,Lion King,Goofy,Downtown Disney,Yes,Maelstrom,No,Yes,Yes,No,No,No,Yes
9/25/2020 3:00:18,Traveling to International Parks,A Nighttime Parade,Ride the Monorail,Social Distancing Stickers,Greece,Toy Story,Goofy,Disney Springs,Yes,Frozen Ever After,No,No,Yes,Yes,Yes,Yes,No
9/25/2020 3:05:04,a premier pass? (probably idk),a new CEO,kidcot,social distance markers,Brazil,the aristocats,max goof,Downtown Disney,Yes,Frozen Ever After,No,No,Yes,Yes,Yes,Yes,Yes
9/25/2020 3:06:33,Hair,A biosphere ,Park at Typhoon Lagoon ,Hand sanitizer ,Thailand,Finding Nemo,Jafar ,Disney Springs,No,Frozen Ever After,Yes,No,No,Yes,No,No,No
9/25/2020 3:22:53,access to the parks,A capped capacity everyday ,Iced Water,stickers,Scotland ! ,Peter Pan ,Goofy,Disney Springs,No,Maelstrom,Yes,No,Yes,Yes,Yes,No,Yes
9/25/2020 3:56:54,Disney pass,,Travel the World,Face masks ,Jamaica üáØüá≤ ,101 Dalmatians ,Hercules,Disney Springs,No,Frozen Ever After,No,Yes,Yes,No,Yes,Yes,No
9/25/2020 4:09:18,No,A new monorail,Ride the skyliner,Character cavalcades,Ireland,Lion King,Goofy,Disney Springs,Yes,Maelstrom,No,No,Yes,No,Yes,No,Yes
9/25/2020 4:24:28,Money,A revamp of cosmic rays,Sorcerers of the magic kingdom,Social distancing,Brazil,Simpsons movie,Elastigirl,Downtown Disney,Yes,Frozen Ever After,Yes,No,Yes,Yes,Yes,No,No
9/25/2020 4:38:49,,A tiara,Celebration buttons,Character Calvacade,Ireland,Lady and the tramp,Hercules,Disney Springs,No,Frozen Ever After,No,Yes,Yes,Yes,Yes,Yes,No
9/25/2020 4:57:31,An annual pass,A crown,Ride the monorail ,Social distance markers,Brazil ,The Jungle Book,Goofy,Downtown Disney,Yes,Maelstrom,No,No,Yes,Yes,No,Yes,Yes
9/25/2020 5:28:34,Annual pass,Fireworks display,Sorcerer's of magic kingdom,Distancing markers,India,Lion king,Shadow man,Downtown Disney,No,Frozen Ever After,No,No,Yes,No,No,No,No
9/25/2020 5:29:23,A home in Florida,A Fireworks Show,Walk around Disney Springs,Social Distance Markers,Egypt,Big Hero 6,Goofy,Disney Springs,Yes,Frozen Ever After,Yes,Yes,Yes,Yes,Yes,Yes,Yes
9/25/2020 5:35:20,,Air conditioning ,Disney Springs,Mask relaxation stations,India,Monsters Inc,Goofy,Downtown Disney,Yes,Maelstrom,No,No,Yes,No,Yes,No,Yes
9/25/2020 5:38:47,Premier pass,Country bear jamboree Christmas special ,Playground ,PYLONS ,Brazil ,Oliver & co,CHUUBY ,Downtown Disney,No,Maelstrom,Yes,Yes,No,Yes,Yes,No,Yes
9/25/2020 5:41:31,,More benches ,Get ice water from food stands ,Distance markers ,Greece ,Lion king ,Goofy,Disney Springs,Yes,Maelstrom,No,No,Yes,Yes,No,No,Yes
9/25/2020 6:09:42,,Pin,Ride busses,Social distancing markers,Italy,Lion king,Kristoff,Downtown Disney,Yes,Frozen Ever After,Yes,No,Yes,Yes,No,No,No
9/25/2020 6:10:07,Haters,More expansion plots,Sightsee,Social distancing,Israel,Big Hero 6,Goofy,Disney Springs,Yes,Frozen Ever After,No,No,Yes,No,Yes,No,No
9/25/2020 6:10:36,The time to be at Disney,Fireworks ,Get Water,Masks,Spain,Lion King,Goofy,Downtown Disney,Yes,Frozen Ever After,No,Yes,Yes,No,Yes,No,Yes
9/25/2020 6:11:44,,,Get water,Mask,Australia,Wreck It Ralph,Goofy,Disney Springs,No,Maelstrom,No,No,Yes,Yes,Yes,Yes,No
9/25/2020 6:12:18,An extensive collection of Hawaiian shirts,An update for Carousel of Progress,People watch,Social distancing markers,Egypt,Emperor‚Äôs New Groove,Stitch ,Disney Springs,Yes,Maelstrom,No,Yes,Yes,Yes,Yes,Yes,No
9/25/2020 6:13:10,,Disney gift card ü§£,Meet characters ,Cavalcades,Brazil,Lady & the Tramp,Goofy,Downtown Disney,No,Frozen Ever After,Yes,No,Yes,No,Yes,Yes,Yes
9/25/2020 6:26:41,bad style,A new ride,drive around property,plastic dividers ,brazil,The good dinosaur,Goofy,Downtown Disney,No,Frozen Ever After,Yes,No,Yes,Yes,Yes,Yes,Yes
9/25/2020 6:29:43,Money ,Cheaper Prices,Drink water,Plexiglass Barriers,Brazil ,Hercules,Goofy,Disney Springs,Yes,Frozen Ever After,No,No,Yes,Yes,Yes,Yes,Yes
9/25/2020 6:36:00,Pins,Cake,Visit Disney Springs,Social distance markers,Brazil,Lilo and Stitch,Max,Downtown Disney,No,Maelstrom,No,No,No,Yes,Yes,Yes,No
9/25/2020 6:37:39,button down shirts,more land,get a button,stand here stickers,cuba,herbie,frozo,Downtown Disney,Yes,Maelstrom,No,No,Yes,Yes,Yes,No,No
9/25/2020 6:38:56,All those stuffed animals on his desk,Junior AARP card,People watch,Social distancing,Spain,Dumbo,Goofy,Disney Springs,No,Frozen Ever After,No,No,Yes,Yes,Yes,No,No
9/25/2020 6:43:14,Sweet shirts,Cash,Sorcerers of the magic kingdom,Plexiglass ,Australia ,101 Dalmatians ,Bfg,Downtown Disney,No,Maelstrom,No,No,No,No,Yes,No,Yes
9/25/2020 6:44:43,,Cake,Walk around,,Australia ,Bambi,Goofy,Disney Springs,Yes,Maelstrom,No,No,Yes,No,Yes,Yes,Yes
9/25/2020 6:46:23,Park Passes,,Ride the monorail ,Barriers,,Bambi,Mickey Mouse ,Disney Springs,No,,No,No,Yes,No,Yes,No,No
9/25/2020 6:47:50,Annual pass (I had to cancel mine),A bundle of 1971 Mickey Mouse balloons,Ride the monorail ,Plexiglass barriers ,Switzerland ,The jungle bookstore ,Goofy,Disney Springs,No,Frozen Ever After,No,No,Yes,Yes,Yes,No,Yes
9/25/2020 6:49:01,,Nothing. It already has everything,Resort hop,Masks,Greece,Cars,Goofy ,Disney Springs,Yes,Frozen Ever After,No,No,Yes,No,No,No,No
9/25/2020 6:55:02,,,,,,,,Downtown Disney,No,Frozen Ever After,No,No,Yes,Yes,Yes,No,Yes
9/25/2020 6:56:46,Sarcasm,Bottle of Wine,Pin Trade ,Hand Sanitizer,Romania,The Three Caballeros,The Genie,Downtown Disney,Yes,Maelstrom,No,No,Yes,Yes,Yes,No,No
9/25/2020 6:58:23,The Earful Tower pen holder ,A mask ,"Use Disney transportation (bus, monorail, boat)",Please Wait Here markers,Switzerland ,Lady & the Tramp ,Jafar ,Downtown Disney,No,Maelstrom,No,No,No,No,Yes,Yes,Yes
9/25/2020 7:04:04,His scoop on Disney ,A cake ,Ride the monorail ,Masks,Australia ,Pinocchio ,Goofy,Downtown Disney,No,Maelstrom,No,No,Yes,No,Yes,Yes,Yes
9/25/2020 7:05:46,an annual pass,an expansion ,Ride rides,stickers where to stand,Australia ,Pinocchio ,goofy,Downtown Disney,No,,No,No,No,Yes,No,No,No
9/25/2020 7:10:37,Money ,A visit,Laugh,Barriers ,Australia ,Wrecked Ralph,Goofy ,Disney Springs,Yes,Frozen Ever After,No,Yes,Yes,No,Yes,No,Yes
9/25/2020 7:16:15,His job,Me,Walk around Disney Springs,Masks required ,Ireland!,Hercules,Goofy,Disney Springs,No,Frozen Ever After,No,No,Yes,No,No,No,No
9/25/2020 7:18:26,,,People watch,Reduced admission,Portugal,Monster inc ,Stitch,Downtown Disney,Yes,Frozen Ever After,No,No,Yes,No,No,Yes,Yes
9/25/2020 7:23:01,Cool shirts,Pin ,Sorresers of magic kingdom game ,Plexi dividers in some que and ride vichels ,Brazil or Ireland ,Wall-e,Tigger,Downtown Disney,No,Maelstrom,No,No,Yes,No,No,Yes,No
9/25/2020 7:29:29,Influence,A makeover,Pin trade,Social Distancing Markers,Switzerland,The Lion King ,Goofy,Downtown Disney,Yes,Frozen Ever After,No,No,Yes,Yes,No,Yes,No
9/25/2020 7:30:40,,,Sorcerers of the magic kingdom,Social distancing markers,Ireland,Hercules,Goofy,Disney Springs,No,Frozen Ever After,No,No,No,Yes,Yes,No,No
9/25/2020 7:39:33,,A crown ,Ride the skyliner ,Hand sanitizer stations ,Amsterdam ,Coco,Goofy,Downtown Disney,No,Frozen Ever After,No,No,Yes,No,Yes,No,No
9/25/2020 7:46:14,An annual pass üòë,Fireworks üòπ,Get a celebration pin!,Social distancing markers.,Brazil or Spain,"Well, technically Moana, but I‚Äôll go for Big Hero 6.",Baymax ,Disney Springs,Yes,Frozen Ever After,No,No,Yes,Yes,Yes,No,No
9/25/2020 7:46:21,Figment Merchandise,Money,Ride Skyliner,Plexiglass ,Egypt,Toy Story,Goofy,Disney Springs,Yes,Frozen Ever After,No,No,Yes,No,Yes,No,No
9/25/2020 7:47:01,,A new castle,,Hand sanitizer,Spain,101 Dalmatians ,Goofy,Downtown Disney,No,Frozen Ever After,No,No,Yes,No,Yes,No,No
9/25/2020 7:50:14,A house in florida,A cake,Ride the monorail,,Greece,Lilo and Stitch,Goofy,Disney Springs,Yes,Frozen Ever After,No,No,Yes,No,No,Yes,Yes
9/25/2020 7:53:00,Tokyo merch,A maintenance department,Ride the skyliner,Park pass,Australia,Meet the Robinsons,Goofy,Disney Springs,No,Frozen Ever After,No,No,Yes,No,No,No,No
9/25/2020 7:54:07,A daily park trip,A working peoplemover,Resort hop,Plexiglass,Brazil,Peter Pan,Hercules,Disney Springs,No,Frozen Ever After,No,No,No,Yes,Yes,Yes,Yes
9/25/2020 7:54:14,Annual Pass,Beauty and the Beast Ride,Resort hop,Food and Wine Booths,Australia,The Aristocats,Goofy,Downtown Disney,Yes,Frozen Ever After,Yes,No,Yes,Yes,Yes,Yes,Yes
9/25/2020 7:54:45,Swag,More misting fans,Character cavalcade ,Hand washing stations,Brazil,Bolt,Goofy,Disney Springs,Yes,Frozen Ever After,No,No,Yes,Yes,Yes,No,No
9/25/2020 7:56:29,Jason's DVC points,Working Peoplemover,Resort hop,Cavalcades,Spain,Ratatouille,Goofy,Disney Springs,Yes,Frozen Ever After,No,No,Yes,No,No,No,No
9/25/2020 8:00:43,Brer Rabbit Plush,My money lol,Walk around the boardwalk,Social distancing,Spain,Toy Story,Goofy,Disney Springs,No,Frozen Ever After,No,No,Yes,Yes,Yes,No,No
9/25/2020 8:14:24,Lightsabers,Disinfectant,People Watch,Plexiglass,Brazil,Zootopia,Goofy,Disney Springs,Yes,Frozen Ever After,No,No,Yes,Yes,No,Yes,No
9/25/2020 8:15:12,,balloons ,get a cup of water ,social distancing signs,Lichtenstein ,Toy Story,Goody,Downtown Disney,No,Frozen Ever After,No,No,Yes,No,Yes,No,No
9/25/2020 8:15:26,,increased capacity,visit resorts,Face masks,Brazil,Bambi,Goofy ,Disney Springs,Yes,Maelstrom,No,No,No,Yes,No,No,Yes
9/25/2020 8:15:31,A savings account,More Land,Walk around Disney Springs,Hand Washing Stations,Brazil,Big Hero 6,Genie,Disney Springs,Yes,Maelstrom,No,No,Yes,No,Yes,Yes,No
9/25/2020 8:26:45,anual pass,castle makeover,resort hop,socia distancing markers,greece,the lion king,troy bolton,Disney Springs,Yes,Frozen Ever After,Yes,No,Yes,Yes,Yes,No,No
9/25/2020 8:28:13,Disney pass,Birthday cake ,Get a button ,Plastic barriers,Switzerland ,Bambi,Dash,Disney Springs,No,Frozen Ever After,Yes,No,No,No,No,No,No
9/25/2020 8:33:19,Passport,A drink ,People watch ,Distance markers ,None ,Fox and the hound ,Herc,Downtown Disney,Yes,Maelstrom,No,No,Yes,No,Yes,Yes,Yes
9/25/2020 8:37:32,the ability to go to disney world each day,better chefs/menus for its quick & table service restaurants,Resort Sightseeing,distance markers,Brazil,Fantasia,Mickey Mouse,Disney Springs,No,Frozen Ever After,No,No,No,No,Yes,No,Yes
9/25/2020 8:38:10,,Tron Cycle,Disney Springs,Barriers,Egypt,The Rescuers,Goofy,Disney Springs,No,Frozen Ever After,No,No,No,No,Yes,No,No
9/25/2020 8:38:35,Season pass,Disinfectant ,Go to the bathroom,Hand sanitizer ,Brazil,Big hero 6,Goofy,Disney Springs,No,Frozen Ever After,No,No,Yes,No,Yes,No,No
9/25/2020 8:39:31,Annual Pass,New ride (in Stitch‚Äôs Great Escape),Boardwalk,Character calvacades,Brazil,Zootopia,Goofy,Disney Springs,No,Frozen Ever After,Yes,No,No,Yes,Yes,No,Yes
9/25/2020 8:41:48,Money,Full capacity,Use the restroom,Hand sanitizer,Poland,Up,Tinker Bell,Disney Springs,Yes,Maelstrom,No,No,Yes,No,Yes,Yes,No
9/25/2020 8:43:46,A cool last name ,Air conditioning ,Sweat,Hand sanitizers,Israel,Lion king ,Goofy,Disney Springs,Yes,Frozen Ever After,Yes,No,Yes,No,Yes,Yes,Yes
9/25/2020 8:44:31,Florida home ,Tron,Ride the monorail,Character cavalcades,Australia ,Incredibles,Goofy,Downtown Disney,Yes,Frozen Ever After,No,No,Yes,No,Yes,No,Yes
9/25/2020 8:52:11,,,People watch,Mask requirement ,Australia,Lion King,Goofy,Downtown Disney,No,Maelstrom,No,No,No,No,Yes,No,Yes
9/25/2020 8:57:02,His job,More of my money,putt-putt golf,Social distancing markers,Sweden,Song of the South,Goofy,Downtown Disney,Yes,Maelstrom,No,No,Yes,No,Yes,Yes,No
9/25/2020 9:00:14,,Face Mask,Walk around the boardwalk ,Line cues ,Uganda ,Fox and the Hound,Daisy (WNBA),Downtown Disney,Yes,Frozen Ever After,No,No,Yes,Yes,Yes,Yes,Yes
9/25/2020 9:01:11,Who?,Pixie dust,Queue,Masks,India,Dumbo,Tigger,Disney Springs,No,Frozen Ever After,Yes,No,No,Yes,No,Yes,No
9/25/2020 9:06:59,Who,A brand new train,Resort Hop,Plexi,Australia ,Meet the Robinsons,Max Goofys son ,Disney Springs,No,Maelstrom,No,No,No,No,Yes,Yes,Yes
9/25/2020 9:09:02,Disney annual pass,tron coaster,go to the pool,Social distancing markers,Brazil,Tarzan,Goofy,Disney Springs,No,Frozen Ever After,No,No,Yes,No,Yes,Yes,No
9/25/2020 9:11:15,Sleeping Figment,A castle cake,Drink water,Cavalcades,India,Dumbo,Tiger,Disney Springs,No,Frozen Ever After,Yes,No,No,Yes,Yes,Yes,No
9/25/2020 9:25:07,A house in Orlando,New monorails,Breathe,masks,Switzerland,Lion King,Sulley,Disney Springs,Yes,Maelstrom,No,No,Yes,Yes,Yes,Yes,No
9/25/2020 9:31:22,,Reinstate fass past,Make memories,Hand sanitizers,Spain,Coco,Goofy,Downtown Disney,No,Frozen Ever After,Yes,No,Yes,No,No,Yes,Yes
9/25/2020 9:32:33,??,Mickey Ears,Be happy ,Hand sanitizer stations,New Zealand,The Sword in the Stone,Goofy,Disney Springs,Yes,Maelstrom,No,No,No,No,Yes,No,Yes
9/25/2020 9:32:42,Disney Vacation Club Member,Fireworks,Take pictures,Sanitizing stations,Spain,The aristocats,Bugs Bunny,Downtown Disney,Yes,Maelstrom,No,No,Yes,No,Yes,No,Yes
9/25/2020 9:36:12,A quiet confidence of his career,A cupcake! Ha!,Ride the buses,Plexiglass,Ethiopia ,Pinocchio,"Waldo, the spirit of 3D",Downtown Disney,Yes,Maelstrom,No,No,Yes,Yes,Yes,Yes,No
9/25/2020 9:44:34,,More guests,Use the restrooms,Hand sanitizer stations,Egypt,Zootopia,Goofy,Disney Springs,No,Frozen Ever After,No,No,Yes,No,No,No,No
9/25/2020 9:45:52,Home in florida,Cake,Nothing,Mask rules,Australia,Bambi,Goofy,Downtown Disney,No,Frozen Ever After,No,No,Yes,Yes,No,No,No
9/25/2020 9:51:35,A resident annual pass to Disney World,A cake that said ‚ÄúSee you next year for the big one!‚Äù,Get cups of ice water ,Cavalcades (and they are awesome!),Thailand,The Emperor‚Äôs New Groove,Mulan,,No,Maelstrom,Yes,No,Yes,No,Yes,No,Yes
9/25/2020 9:54:01,,Me,Walk around,Masks,Greece,Aristo cats,Goofy,Disney Springs,No,Frozen Ever After,No,No,No,No,Yes,No,Yes
9/25/2020 9:56:51,,A pin,Breathe,Hand sanitizer ,Australia ,Alice in Wonderland,Hercules,Downtown Disney,No,Maelstrom,Yes,No,Yes,Yes,Yes,Yes,No
9/25/2020 9:57:02,Connections to Disney,A new firework show,Get pixie dust,Virtual queues ,Greece,Toy story,Sully,Disney Springs,Yes,Frozen Ever After,No,No,Yes,Yes,Yes,No,No
9/25/2020 10:05:31,Camera,Cake,Have fun,Distance markers,Brazil,Up,Goofy ,Disney Springs,Yes,Maelstrom,No,Yes,Yes,Yes,Yes,No,Yes
9/25/2020 10:06:02,Money,Fireworks ,Sorcerer‚Äôs of the magic kingdom ,Required masks ,Italy ,Emperors new grove ,Tigger,Downtown Disney,Yes,Frozen Ever After,No,No,Yes,Yes,Yes,No,No
9/25/2020 10:06:10,,,Pin trading,,Greece,Peter pan,Gaston,Disney Springs,No,Frozen Ever After,No,No,No,Yes,No,No,Yes
9/25/2020 10:15:05,an ego,A nighttime parade,ride the monorail,Plexiglass,india,Big Hero 6,Elastigirl,Disney Springs,Yes,Frozen Ever After,Yes,No,Yes,No,Yes,No,Yes
9/25/2020 10:16:22,Lots of Short-Sleeve Button Ups,Castle Cake Blueprints,Complain at Guest Services,Short wait times,Australia,Ratatouille,Goofy,Disney Springs,No,Maelstrom,Yes,No,Yes,No,Yes,No,Yes
9/25/2020 10:18:46,Not sure,A better paint job,Take photos,Social distancing markers,More culture appropriate rides,Monsters inc,Goofy,Disney Springs,No,Maelstrom,No,No,Yes,Yes,Yes,Yes,No
9/25/2020 10:19:27,Money,Balloons,Ride the Monorail ,Social Distancing Markers ,Brazil,The Jungle Book,Mickey,Disney Springs,No,Frozen Ever After,No,No,Yes,Yes,Yes,No,Yes
9/25/2020 10:20:58,An AP right now,Metal straws,Sorcerers of the Magic Kingdom game,Hand washing stations,Russia,Nemo,Goofy,Disney Springs,Yes,Frozen Ever After,No,No,Yes,No,Yes,Yes,No
9/25/2020 10:21:26,The opportunity to visit Disney World EVERY DAY!!!,The gift of not re-theming Splash Mountain,People watch ,Masks :(,Ireland,Lion King,Goofy,Downtown Disney,No,Frozen Ever After,No,No,No,Yes,Yes,No,No
9/25/2020 10:26:17,Someone in Tokyo to get him things,A better castle color,Get a button,Mask signage,Israel,Dumbo,Peter Pan,Disney Springs,No,Maelstrom,Yes,No,Yes,No,Yes,No,No
9/25/2020 10:34:13,,Random surprise parties throughout the year,Check out the resorts. ,Cavalcades,,101 Dalmations,Tigger,Disney Springs,Yes,Frozen Ever After,No,No,Yes,Yes,Yes,Yes,No
9/25/2020 10:34:44,A Press Pass,Some Lysol - gotta keep that beauty ‚Äòrona free.,"I would say breathe, but I don‚Äôt even think that applies anymore.","A whole lotta plexiglass, and about 3 variations of the ratatouille sign.",The Vatican,101 Dalmations,Goofy,Disney Springs,Yes,Maelstrom,No,Yes,Yes,Yes,Yes,Yes,Yes
9/25/2020 10:43:02,Passholder,More CM‚Äôs,Watch Fireworks ,Hand Sanitizer ,Kenya,Incredibles,Goofy,Disney Springs,Yes,Maelstrom,No,Yes,No,Yes,Yes,Yes,Yes
9/25/2020 10:47:38,Snazzy shirts,Snow whites scary adventure,Breathe ,Character cavelcades ,Israel ,Alice in Wonderland,Tarzan,Disney Springs,Yes,Frozen Ever After,No,No,Yes,No,No,No,No
9/25/2020 10:50:11,His Haunted Mansion memorabilia!,Ride refurbishments,Watch fireworks,Masks,Ireland,Dumbo,Goofy,Disney Springs,Yes,Maelstrom,No,Yes,Yes,Yes,Yes,Yes,Yes
9/25/2020 10:58:50,,Dole whip,Watch fireworks,Plexiglass ,Brazil,Fantasia ,Goofy ,Downtown Disney,No,Frozen Ever After,No,No,Yes,Yes,Yes,No,No
9/25/2020 10:59:20,A lot of pins ,A new paint job for the pink castle. ,Judge,Mask mandate,Australia,Lion King,Tigger,Downtown Disney,No,Maelstrom,No,No,Yes,Yes,Yes,No,No
9/25/2020 10:59:42,A home minutes away from WDW property,A ‚Äúget well soon‚Äù card,Transportation,Social Distance markings ,Brazil,Lilo and Stitch,Goofy ,Disney Springs,No,Frozen Ever After,No,No,Yes,Yes,Yes,No,Yes
9/25/2020 11:04:49,,An Anniversary Tee,Walk the grounds of the resorts,Social Distancing Markers,Belgium,The Lion King,Mike Wasowski as a ball,Downtown Disney,Yes,Maelstrom,No,No,No,Yes,Yes,Yes,No
9/25/2020 11:09:00,Sense of Humor,A castle cake makeover,Park at Disney Springs,CDC Guideline A-Frames,Switzerland,Big Hero 6,Goofy,Disney Springs,Yes,Frozen Ever After,No,No,Yes,No,Yes,Yes,No
9/25/2020 11:10:30,,New Mickey gloves,See fireworks ,Social distancing markers,Ethiopia ,Toy story ,Hercules,Downtown Disney,No,Frozen Ever After,No,No,Yes,Yes,Yes,Yes,No
9/25/2020 11:11:44,,,Go to disney springs,plexiglass,Africa,petes dragon,Tigger,Disney Springs,Yes,Maelstrom,Yes,No,Yes,No,Yes,No,No
9/25/2020 11:13:18,An Annual Pass,"An ""I really wish I wasn't here right now"" button",Suck on ice cubes,Social Distance Markers,Egypt,Big Hero 6,Goofy,Disney Springs,No,Maelstrom,Yes,No,Yes,Yes,Yes,No,No
9/25/2020 11:26:12,,,Ride Disney Transportation ,Face Masks for Sale ,Greece ,Home on the Range ,Goofy,Disney Springs,Yes,Maelstrom,No,No,Yes,Yes,Yes,Yes,Yes
9/25/2020 11:32:39,A girlfriend who lives far away,A Tokyo makeover,Park in Lime Garage,Stickers on the ground,South Africa,Up!,Mrs. Incredible,Disney Springs,Yes,Maelstrom,No,No,Yes,Yes,Yes,Yes,Yes
9/25/2020 11:38:04,An annual pass,Patronizing ,Walk,New fantasyland,Russia,Jungle book,Chubby the merchandise bird,Downtown Disney,No,,No,No,No,No,No,No,No
9/25/2020 11:41:29,The phantom manor post,A souvenir pin,Ride the monorail,Hand sanitizing station,Brazil,Big hero six,Max,Disney Springs,Yes,Maelstrom,No,No,Yes,No,Yes,Yes,Yes
9/25/2020 11:44:07,Straight while male Privilege  ,Supper cup! ,Ride the monorail,Karens,India,Big hero six ,Tigger,Disney Springs,Yes,Maelstrom,No,No,Yes,No,Yes,Yes,Yes
9/25/2020 11:49:53,Porg Froman - The Sausage King of Galaxy's Edge,Push The Talking Trash Can,Wait in line,Masks,Brazil,Lady & The Tramp,Big Al,Disney Springs,No,Maelstrom,No,No,No,Yes,No,No,Yes
9/25/2020 11:49:25,Lots of money,A giant pair of Mickey ears ,Take pictures ,Mask relaxation stations,Switzerland ,Ratatouille ,,Downtown Disney,Yes,Maelstrom,No,No,Yes,Yes,Yes,No,No
9/25/2020 11:52:19,A successful website,A dole whip,Resort Hop,Social distancing ,Brazil,Toy Story,Buzz Lightyear,Disney Springs,No,Maelstrom,No,No,Yes,Yes,Yes,No,Yes
9/25/2020 12:00:06,Money,Gift cards,Pin trade,Barriers ,Australia,Finding nemo,Goofy ,Downtown Disney,No,Maelstrom,No,No,Yes,Yes,Yes,Yes,No
9/25/2020 12:00:46,Quick wit ,The nighttime parades back (specifically SpectroMagic),Swing on a hammock on the beach ,Social distancing markers ,Egypt ,Lady & The Tramp ,Goofy ,Disney Springs,No,Frozen Ever After,No,No,Yes,No,Yes,Yes,Yes
9/25/2020 12:12:59,,Become covid free,Have fun,Social distancing,Brazil,Toy story,Goofy,Downtown Disney,Yes,Frozen Ever After,No,No,Yes,No,Yes,No,No
9/25/2020 12:15:05,A D23 membership ,It‚Äôs own Mickey ears,Take hundreds of pictures/memories,New merch!,Peru,Fox and the Hound,Goofy,Disney Springs,Yes,Maelstrom,Yes,No,No,Yes,Yes,Yes,Yes
9/25/2020 12:16:39,,A Tomorrowland speedway makeover ,Resort hop,Plexi dividers ,Australia,Lady and the tramp ,Goofy,Disney Springs,No,Frozen Ever After,No,No,Yes,No,Yes,Yes,Yes
9/25/2020 12:18:43,,Cake,,Calvacades ,Spain,Bambi,Chewbacca ,Disney Springs,No,Maelstrom,No,No,No,No,Yes,No,No
9/25/2020 12:34:12,An Empire,A cake,Ride the skyliner,Hand sanatizer stations,Australia,Pocahontas,Goofy,Downtown Disney,Yes,Maelstrom,No,No,Yes,Yes,Yes,Yes,No
9/25/2020 12:56:11,Time,A working TTA,Resort Hop,Hand sanitizer,Brazil,Dumbo,Tigger,Disney Springs,Yes,Frozen Ever After,No,No,Yes,Yes,Yes,Yes,No
9/25/2020 12:59:04,A Disney Season Pass,A huge cake,,Character Calvacades,Australia ,Lilo & Stitch,Goofy,Disney Springs,Yes,Maelstrom,No,No,Yes,No,Yes,Yes,Yes
9/25/2020 14:22:37,,üßÅ ,People watch,Cavalcades,Iceland,Brave,Woody,Downtown Disney,No,Maelstrom,No,No,Yes,No,Yes,No,Yes
9/25/2020 14:27:15,Disney inspired podcast,More land for more rides,Watch movies under the stars,Sanitizer stations,Ireland,The Fox and The Hound,Goofy,Downtown Disney,Yes,Frozen Ever After,No,No,Yes,No,No,Yes,Yes
9/25/2020 14:37:18,Annual passes,Pocahontas ride,Character meet and greet,Social distancing signs,Brazil,Lady and the tramp,Judy Hopps,Disney Springs,No,Frozen Ever After,No,No,No,Yes,Yes,No,Yes
9/25/2020 14:43:58,Sleepy Figment Plush,GUESTS ,PEOPLE WATCH,RUNAWAY RAILWAY,SWITZERLAND,FOX AND THE HOUND,Goofy ,Disney Springs,Yes,Maelstrom,No,No,Yes,No,Yes,Yes,No
9/25/2020 14:44:58,,,Fastpass ,Masks,Greece,Peter Pan ,Hercules,Disney Springs,Yes,Maelstrom,No,Yes,No,Yes,Yes,No,Yes
9/25/2020 15:20:06,,A new land,Ride the monorail,Ride barriers,Greece,Dumbo,Doctor Facilier,,No,Maelstrom,No,No,No,Yes,Yes,No,No
9/25/2020 15:20:45,No idea,A card,Ride the bus,Distancing markers ,Philippines ,Zootopia ,Gaston,Disney Springs,Yes,Maelstrom,No,No,Yes,Yes,Yes,Yes,Yes
9/25/2020 15:39:54,,A birthday visit from me,Use the restroom ,Hand sanitizer stations,Ireland ,Lion King,,Disney Springs,Yes,Frozen Ever After,No,No,Yes,Yes,Yes,No,No
9/25/2020 15:48:02,a job at disney,a diamond birthday card,Resort hop,Social distance markers,Iceland,Lion king,Hercules,Downtown Disney,Yes,Frozen Ever After,No,No,Yes,Yes,Yes,No,No
9/25/2020 15:50:19,Who?,Fresh paint,Enjoy the Air Conditioning ,Plexiglass dividers,Spain,Finding Nemo,Stitch,Downtown Disney,Yes,Maelstrom,No,Yes,Yes,Yes,Yes,No,Yes
9/25/2020 15:57:18,Haunted Mansion Staircase Banister,A big budget,Fuel rod swaps,Social distancing markers,An African country,Pinocchio ,Maui,Downtown Disney,Yes,Maelstrom,No,No,Yes,No,Yes,Yes,No
9/25/2020 15:59:41,His job,Disinfectant,Walk,Social distancing markers,Australia/New Zealand,The Great Mouse Detective,Tigger,Disney Springs,No,Maelstrom,No,No,No,No,No,No,No
9/25/2020 16:04:09,An awesome news anchor voice ,The blueprints for a villain themed park,Get a cup of water,Hand washing stations,A few tribal African countries,Ratatouille ,Maui,Disney Springs,Yes,Frozen Ever After,No,No,No,Yes,Yes,No,Yes
9/25/2020 16:05:12,Tokyo annual pass,Restore the paint job on the castle,Sorcerers of the magic kingdom ,Social distancing markers ,Brazil,Onward,Goofy,Disney Springs,No,Frozen Ever After,No,No,No,No,No,Yes,Yes
9/25/2020 16:06:19,Lives near Disney,Another people mover,Disney springs,Signage ,Greece,Jungle book,Goofy,Downtown Disney,Yes,Maelstrom,No,No,Yes,Yes,Yes,No,Yes
9/25/2020 16:13:50,,A cake,Ride rides,Please stand here lines,Poland ,Lion king,Genie in Alladin,Disney Springs,No,Frozen Ever After,No,No,Yes,Yes,Yes,No,Yes
9/25/2020 16:32:10,Fans,A generous donation,Get a cup of water ,Markers on the floor of where to stand ,Korea,Winnie the Pooh,Tigger,Disney Springs,Yes,Frozen Ever After,No,No,No,Yes,Yes,No,No
9/25/2020 16:35:11,An annual pass,A better restaurant in Cinderella's Castle,Walk around Disney Springs,Mask mandate ,Russia,Lilo and Stitch,Goofy,Downtown Disney,Yes,Maelstrom,No,No,Yes,Yes,No,Yes,Yes
9/25/2020 16:37:54,,,Ride the monorail,Mask free zones,Greece,Coco,Jack Skellington,Downtown Disney,Yes,Maelstrom,No,Yes,Yes,Yes,Yes,Yes,Yes
9/25/2020 16:39:43,,,People watch,Distance markers ,Belgium ,101 Dalmatians ,Tigger ,Disney Springs,No,Frozen Ever After,No,No,Yes,No,Yes,No,No
9/25/2020 16:42:40,,Updated Tomorrowland,Walk around the boardwalk,Masks,Brazil or greece,Alice in wonderland ,Hercules,Disney Springs,Yes,Frozen Ever After,No,No,Yes,Yes,Yes,Yes,Yes
9/25/2020 16:51:43,,,Walk,Social distancing markers,Brazil,Hercules,Woody,Disney Springs,,,No,No,Yes,Yes,,No,No
9/25/2020 17:39:33,WDWNT ,Max Pass,Visit Disney Springs,Daytime parades,Spain,Big Hero 6,Flynn Ryder,Disney Springs,Yes,Frozen Ever After,No,No,Yes,Yes,Yes,Yes,Yes
9/25/2020 17:47:01,,Lifting restrictions,Watch parades,Wearing masks,,Cars,Goofy ,Downtown Disney,No,Frozen Ever After,No,No,Yes,No,No,Yes,No
9/25/2020 17:56:09,WDW Florida pass,A picture frame,Go to Disney Springs,Social Distancing,Ireland,101 Dalmatians,Goofy,Downtown Disney,No,Maelstrom,No,No,Yes,No,No,Yes,No
9/25/2020 17:58:56,A home in Orlando ,A badge ,Resort hop,Hand sanitizer ,Australia ,Dumbo,Tigger ,Downtown Disney,No,Frozen Ever After,Yes,No,No,No,Yes,No,No
9/25/2020 18:04:51,Money,A new land with vintage or throwback rides,Go to chip and Dale‚Äôs singalong and movie at Ft Wilderness,Random Character activity,Greece,The jungle Book,Maleficent ,Disney Springs,Yes,Maelstrom,No,No,Yes,Yes,No,Yes,No
9/25/2020 18:13:38,A girlfriend ,A cake makeover,Park at Disney Springs,Plexiglass dividers,Russia,The Lion King,Robin Hood,Disney Springs,Yes,Frozen Ever After,No,No,No,Yes,Yes,Yes,Yes
9/25/2020 18:15:00,Disney reporting job,The Majestic Matterhorn mountain ,Laugh at Karens,Beauty and the beast ride,Australia ,Dumbo,Peter pan,Disney Springs,Yes,Maelstrom,No,No,Yes,Yes,Yes,Yes,No
9/25/2020 18:34:28,,,Drink water ,Hand sanitizer stations ,Spain ,Lion King ,Goofy,Downtown Disney,Yes,Maelstrom,No,No,Yes,Yes,Yes,No,No
9/25/2020 18:49:54,Disney pass,Fireworks ,People watch,Sanitary stations ,Russia,Fox and the Hound ,Goofy ,Downtown Disney,No,,No,No,Yes,Yes,Yes,Yes,No
9/25/2020 18:53:11,Annual pass,Mickey ears,Ride the monorail,Temperature checks,Switzerland,Onward,Sully,Downtown Disney,No,Maelstrom,No,No,No,No,No,No,No
9/25/2020 19:22:48,,,Go to Disney Springs,Relaxation stations,Australia ,Winnie the Pooh ,Goofy,Disney Springs,,Frozen Ever After,No,No,Yes,No,No,No,No
9/25/2020 19:45:40,Money,The old easy pass system,Get free water anywhere,New signs,,The Aristocats,Tigger,Disney Springs,Yes,Maelstrom,No,No,No,Yes,Yes,No,No
9/25/2020 19:52:48,,A mask,Nothing,Plexiglass barriers,Ireland,Pinocchio ,Goofy,Disney Springs,Yes,Frozen Ever After,No,No,No,Yes,Yes,No,No
9/25/2020 19:55:23,Splash mountain plushes ,5th park?,Scavenger hunt ,Temperature screening ,Australia ,Zootopia,Goofy,Disney Springs,No,Frozen Ever After,No,No,No,No,No,No,Yes
9/25/2020 20:03:35,I don't know ,Ice cream ,Go on the Skyliner,Social distancing stickers,Spain ,Nemo,Goofy,Downtown Disney,Yes,Maelstrom,Yes,No,Yes,Yes,Yes,No,No
9/25/2020 20:11:44,Imagination ,Cute pins,Window shop,Social distancing markers,Australia ,Dumbo,Goofy,Downtown Disney,Yes,Maelstrom,No,Yes,Yes,No,No,No,No
9/25/2020 20:28:38,,,drink water,masks,iceland,toy story,tigger,Downtown Disney,No,Frozen Ever After,Yes,No,Yes,No,Yes,No,Yes
9/25/2020 20:58:13,,Cake,Disney springs ,Social distance markers,Spain,Bolt,Goofy,Downtown Disney,No,Frozen Ever After,No,No,Yes,Yes,Yes,No,Yes
9/25/2020 21:01:17,Disney access all the time,Mickey hat,Picture's with characters ,Hand Sanitizers ,Brazil,Toy Story,Incredibles,Downtown Disney,Yes,Frozen Ever After,No,Yes,Yes,Yes,Yes,No,No
9/25/2020 21:17:35,Pass holder magnets,Candy,Watch fireworks,Hand washing stations ,Sweden,101 Dalmatians ,Mickey,Disney Springs,Yes,Frozen Ever After,No,No,Yes,Yes,Yes,No,No
9/25/2020 21:22:10,A coolCar ,Magic for the amazing cast members ,Dance ,Masks üò¢,Greece,101 Dalmatians ,Goofy ,Downtown Disney,No,Frozen Ever After,No,No,Yes,No,No,No,No
9/25/2020 21:22:19,A girlfriend ,A cake makeover,Park at Disney Springs,Plexiglass dividers,Russia,The Lion King,Robin Hood,Disney Springs,Yes,Frozen Ever After,No,No,No,Yes,Yes,Yes,Yes