Enzo's Hideaway,"The BOATHOUSE®: Great Food, Waterfront Dining, Dream Boats™",Chef Art Smith's Homecomin',Wolfgang Puck Bar & Grill,Wine Bar George – A Restaurant & Bar,Chicken Guy!,Blaze Fast-Fire'd Pizza,Morimoto Asia,"Paradiso 37, Taste of the Americas",Raglan Road™ Irish Pub and Restaurant,,,,,,,,,,
D-Luxe Burger,Earl Of Sandwich®,Chicken Guy!,Planet Hollywood,Blaze Fast-Fire'd Pizza,Rainforest Cafe® at Disney Springs Marketplace,"The BOATHOUSE®: Great Food, Waterfront Dining, Dream Boats™",Morimoto Asia,Wolfgang Puck Bar & Grill,Wine Bar George – A Restaurant & Bar,City Works Eatery & Pour House,House of Blues Restaurant & Bar,Paddlefish,The Polite Pig,,,,,,
Jaleo by José Andrés,"The BOATHOUSE®: Great Food, Waterfront Dining, Dream Boats™",D-Luxe Burger,Chef Art Smith's Homecomin',Splitsville Dining Room,Wolfgang Puck Bar & Grill,Paddlefish,Jock Lindsey's Hangar Bar,Wine Bar George – A Restaurant & Bar,"Paradiso 37, Taste of the Americas",STK Orlando,Enzo's Hideaway,Maria & Enzo's Ristorante,Rainforest Cafe® at Disney Springs Marketplace,The Edison,Blaze Fast-Fire'd Pizza,City Works Eatery & Pour House,House of Blues Restaurant & Bar,Earl Of Sandwich®,The Polite Pig
Cookes of Dublin,Raglan Road™ Irish Pub and Restaurant,Wolfgang Puck Bar & Grill,Earl Of Sandwich®,Rainforest Cafe® at Disney Springs Marketplace,T-REX ™,,,,,,,,,,,,,,
Chef Art Smith's Homecomin',T-REX ™,Sprinkles,"The BOATHOUSE®: Great Food, Waterfront Dining, Dream Boats™",Morimoto Asia,Planet Hollywood,Raglan Road™ Irish Pub and Restaurant,Jock Lindsey's Hangar Bar,,,,,,,,,,,,
Jaleo by José Andrés,Raglan Road™ Irish Pub and Restaurant,D-Luxe Burger,Chicken Guy!,Planet Hollywood,Morimoto Asia,City Works Eatery & Pour House,Splitsville Dining Room,AMC® Disney Springs 24 Dine-In Theatres,Blaze Fast-Fire'd Pizza,,,,,,,,,,
House of Blues Restaurant & Bar,Jaleo by José Andrés,Rainforest Cafe® at Disney Springs Marketplace,Wine Bar George – A Restaurant & Bar,"The BOATHOUSE®: Great Food, Waterfront Dining, Dream Boats™",Chicken Guy!,The Edison,Enzo's Hideaway,Maria & Enzo's Ristorante,Raglan Road™ Irish Pub and Restaurant,Morimoto Asia,Planet Hollywood,The Polite Pig,,,,,,,
Chef Art Smith's Homecomin',Chicken Guy!,Rainforest Cafe® at Disney Springs Marketplace,Planet Hollywood,Wolfgang Puck Bar & Grill,Amorette's Patisserie,,,,,,,,,,,,,,
Rainforest Cafe® at Disney Springs Marketplace,Pizza Ponte,"The BOATHOUSE®: Great Food, Waterfront Dining, Dream Boats™",,,,,,,,,,,,,,,,,
D-Luxe Burger,T-REX ™,Rainforest Cafe® at Disney Springs Marketplace,"The BOATHOUSE®: Great Food, Waterfront Dining, Dream Boats™",The Edison,STK Orlando,Paddlefish,Earl Of Sandwich®,Wolfgang Puck Bar & Grill,Planet Hollywood,Jock Lindsey's Hangar Bar,Morimoto Asia,The Polite Pig,Amorette's Patisserie,,,,,,
T-REX ™,Planet Hollywood,Raglan Road™ Irish Pub and Restaurant,The Edison,Wolfgang Puck Bar & Grill,,,,,,,,,,,,,,,
Morimoto Asia,Chef Art Smith's Homecomin',"The BOATHOUSE®: Great Food, Waterfront Dining, Dream Boats™",STK Orlando,Terralina Crafted Italian,Paddlefish,Frontera Cocina,House of Blues Restaurant & Bar,Jaleo by José Andrés,Ghirardelli Soda Fountain & Chocolate Shop,City Works Eatery & Pour House,D-Luxe Burger,The Polite Pig,B.B. Wolf's Sausage Co.,,Earl Of Sandwich®,T-REX ™,Rainforest Cafe® at Disney Springs Marketplace,The Edison,Maria & Enzo's Ristorante
Chef Art Smith's Homecomin',Paddlefish,Enzo's Hideaway,The Polite Pig,T-REX ™,Rainforest Cafe® at Disney Springs Marketplace,"Paradiso 37, Taste of the Americas",Planet Hollywood,,,,,,,,,,,,
Raglan Road™ Irish Pub and Restaurant,Blaze Fast-Fire'd Pizza,,,,,,,,,,,,,,,,,,
Chicken Guy!,Wine Bar George – A Restaurant & Bar,Raglan Road™ Irish Pub and Restaurant,Ghirardelli Soda Fountain & Chocolate Shop,Wolfgang Puck Bar & Grill,The Polite Pig,T-REX ™,,,,,,,,,,,,,
Jaleo by José Andrés,"The BOATHOUSE®: Great Food, Waterfront Dining, Dream Boats™",STK Orlando,The Edison,House of Blues Restaurant & Bar,Raglan Road™ Irish Pub and Restaurant,Rainforest Cafe® at Disney Springs Marketplace,Earl Of Sandwich®,Morimoto Asia,Chef Art Smith's Homecomin',,Wolfgang Puck Bar & Grill,Chicken Guy!,Wetzel's Pretzels Kiosk at Disney Springs Marketplace,Pizza Ponte,The Polite Pig,Blaze Fast-Fire'd Pizza,T-REX ™,Frontera Cocina,
Wolfgang Puck Bar & Grill,Planet Hollywood,,,,,,,,,,,,,,,,,,
"The BOATHOUSE®: Great Food, Waterfront Dining, Dream Boats™",Chef Art Smith's Homecomin',Paddlefish,"Paradiso 37, Taste of the Americas",STK Orlando,Earl Of Sandwich®,City Works Eatery & Pour House,House of Blues Restaurant & Bar,Jaleo by José Andrés,Wine Bar George – A Restaurant & Bar,T-REX ™,The Polite Pig,Chicken Guy!,Wolfgang Puck Bar & Grill,Maria & Enzo's Ristorante,Rainforest Cafe® at Disney Springs Marketplace,Jock Lindsey's Hangar Bar,Morimoto Asia,Blaze Fast-Fire'd Pizza,Frontera Cocina
"The BOATHOUSE®: Great Food, Waterfront Dining, Dream Boats™",Raglan Road™ Irish Pub and Restaurant,The Polite Pig,Chef Art Smith's Homecomin',The Edison,Enzo's Hideaway,Wolfgang Puck Bar & Grill,House of Blues Restaurant & Bar,,,,,,,,,,,,
Raglan Road™ Irish Pub and Restaurant,Planet Hollywood,The Polite Pig,Earl Of Sandwich®,STK Orlando,Morimoto Asia,T-REX ™,House of Blues Restaurant & Bar,"The BOATHOUSE®: Great Food, Waterfront Dining, Dream Boats™",Wolfgang Puck Bar & Grill,Blaze Fast-Fire'd Pizza,,,,,,,,,
"The BOATHOUSE®: Great Food, Waterfront Dining, Dream Boats™",Rainforest Cafe® at Disney Springs Marketplace,,,,,,,,,,,,,,,,,,
Jaleo by José Andrés,"The BOATHOUSE®: Great Food, Waterfront Dining, Dream Boats™",Rainforest Cafe® at Disney Springs Marketplace,Wine Bar George – A Restaurant & Bar,Jock Lindsey's Hangar Bar,T-REX ™,,,,,,,,,,,,,,
Morimoto Asia,Rainforest Cafe® at Disney Springs Marketplace,Blaze Fast-Fire'd Pizza,Planet Hollywood,Chicken Guy!,Earl Of Sandwich®,"The BOATHOUSE®: Great Food, Waterfront Dining, Dream Boats™",,,,,,,,,,,,,
T-REX ™,Cookes of Dublin,Raglan Road™ Irish Pub and Restaurant,Paddlefish,Rainforest Cafe® at Disney Springs Marketplace,,,,,,,,,,,,,,,
Chicken Guy!,Sprinkles,STARBUCKS® at Disney Springs Marketplace,AristoCrêpes,"The BOATHOUSE®: Great Food, Waterfront Dining, Dream Boats™",Wine Bar George – A Restaurant & Bar,Blaze Fast-Fire'd Pizza,City Works Eatery & Pour House,,,,,,,,,,,,
Terralina Crafted Italian,"The BOATHOUSE®: Great Food, Waterfront Dining, Dream Boats™",Wolfgang Puck Bar & Grill,Maria & Enzo's Ristorante,Enzo's Hideaway,STK Orlando,Pizza Ponte,AristoCrêpes,The Polite Pig,Frontera Cocina,Morimoto Asia,Blaze Fast-Fire'd Pizza,Wine Bar George – A Restaurant & Bar,The Daily Poutine,B.B. Wolf's Sausage Co.,,,,,
Jock Lindsey's Hangar Bar,Rainforest Cafe® at Disney Springs Marketplace,Wolfgang Puck Bar & Grill,Earl Of Sandwich®,The Polite Pig,The Edison,Chicken Guy!,4 Rivers Cantina Barbacoa Food Truck,,,,,,,,,,,,
"The BOATHOUSE®: Great Food, Waterfront Dining, Dream Boats™",STK Orlando,Paddlefish,The Edison,House of Blues Restaurant & Bar,Planet Hollywood,Wine Bar George – A Restaurant & Bar,Chef Art Smith's Homecomin',Wolfgang Puck Bar & Grill,Terralina Crafted Italian,Morimoto Asia,,,,,,,,,
Jock Lindsey's Hangar Bar,"The BOATHOUSE®: Great Food, Waterfront Dining, Dream Boats™",Rainforest Cafe® at Disney Springs Marketplace,House of Blues Restaurant & Bar,Wolfgang Puck Bar & Grill,Raglan Road™ Irish Pub and Restaurant,,,,,,,,,,,,,,
Raglan Road™ Irish Pub and Restaurant,Chef Art Smith's Homecomin',Chicken Guy!,Blaze Fast-Fire'd Pizza,D-Luxe Burger,,,,,,,,,,,,,,,
Rainforest Cafe® at Disney Springs Marketplace,,,,,,,,,,,,,,,,,,,
Chef Art Smith's Homecomin',Splitsville Dining Room,Sprinkles,Ghirardelli Soda Fountain & Chocolate Shop,Rainforest Cafe® at Disney Springs Marketplace,Planet Hollywood,"The BOATHOUSE®: Great Food, Waterfront Dining, Dream Boats™",Raglan Road™ Irish Pub and Restaurant,Morimoto Asia,Paddlefish,T-REX ™,Chicken Guy!,,,,,,,,
"The BOATHOUSE®: Great Food, Waterfront Dining, Dream Boats™",Enzo's Hideaway,Jock Lindsey's Hangar Bar,Chicken Guy!,House of Blues Restaurant & Bar,City Works Eatery & Pour House,Morimoto Asia,Paddlefish,Rainforest Cafe® at Disney Springs Marketplace,T-REX ™,Raglan Road™ Irish Pub and Restaurant,STK Orlando,,,,,,,,
T-REX ™,"The BOATHOUSE®: Great Food, Waterfront Dining, Dream Boats™",Rainforest Cafe® at Disney Springs Marketplace,House of Blues Restaurant & Bar,Blaze Fast-Fire'd Pizza,Planet Hollywood,Chicken Guy!,AMC® Disney Springs 24 Dine-In Theatres,Ghirardelli Soda Fountain & Chocolate Shop,STK Orlando,Enzo's Hideaway,Raglan Road™ Irish Pub and Restaurant,Cookes of Dublin,Morimoto Asia,Jaleo by José Andrés,Jock Lindsey's Hangar Bar,,,,
T-REX ™,Jaleo by José Andrés,House of Blues Restaurant & Bar,,The Edison,The Polite Pig,Sprinkles,,,,,,,,,,,,,
T-REX ™,Pizza Ponte,"The BOATHOUSE®: Great Food, Waterfront Dining, Dream Boats™",City Works Eatery & Pour House,House of Blues Restaurant & Bar,Jaleo by José Andrés,Jock Lindsey's Hangar Bar,Raglan Road™ Irish Pub and Restaurant,The Polite Pig,,,,,,,,,,,
Wolfgang Puck Bar & Grill,Chef Art Smith's Homecomin',The Daily Poutine,D-Luxe Burger,Jock Lindsey's Hangar Bar,STK Orlando,Earl Of Sandwich®,Chicken Guy!,,,,,,,,,,,,
"The BOATHOUSE®: Great Food, Waterfront Dining, Dream Boats™",Morimoto Asia,Wine Bar George – A Restaurant & Bar,Jock Lindsey's Hangar Bar,Chicken Guy!,"Paradiso 37, Taste of the Americas",Blaze Fast-Fire'd Pizza,,,,,,,,,,,,,
"The BOATHOUSE®: Great Food, Waterfront Dining, Dream Boats™",STK Orlando,STARBUCKS® at Disney Springs Marketplace,Chef Art Smith's Homecomin',Maria & Enzo's Ristorante,The Edison,Splitsville Dining Room,Rainforest Cafe® at Disney Springs Marketplace,T-REX ™,,,,,,,,,,,
"The BOATHOUSE®: Great Food, Waterfront Dining, Dream Boats™",Rainforest Cafe® at Disney Springs Marketplace,Earl Of Sandwich®,Morimoto Asia,Paddlefish,Planet Hollywood,T-REX ™,Raglan Road™ Irish Pub and Restaurant,Amorette's Patisserie,B.B. Wolf's Sausage Co.,Wolfgang Puck Bar & Grill,Jock Lindsey's Hangar Bar,Sprinkles,,,,,,,
Jaleo by José Andrés,Chef Art Smith's Homecomin',"The BOATHOUSE®: Great Food, Waterfront Dining, Dream Boats™",Raglan Road™ Irish Pub and Restaurant,STK Orlando,Wine Bar George – A Restaurant & Bar,Morimoto Asia,Wolfgang Puck Bar & Grill,Blaze Fast-Fire'd Pizza,Erin McKenna's Bakery NYC,Sprinkles,Terralina Crafted Italian,Frontera Cocina,Rainforest Cafe® at Disney Springs Marketplace,Planet Hollywood,City Works Eatery & Pour House,Splitsville Dining Room,Paddlefish,,
Chicken Guy!,Rainforest Cafe® at Disney Springs Marketplace,Wine Bar George – A Restaurant & Bar,Planet Hollywood,,,,,,,,,,,,,,,,
Chef Art Smith's Homecomin',House of Blues Restaurant & Bar,Paddlefish,,"The BOATHOUSE®: Great Food, Waterfront Dining, Dream Boats™",Jaleo by José Andrés,,,,,,,,,,,,,,
Paddlefish,Jock Lindsey's Hangar Bar,Earl Of Sandwich®,Maria & Enzo's Ristorante,,,,,,,,,,,,,,,,
Paddlefish,"The BOATHOUSE®: Great Food, Waterfront Dining, Dream Boats™",Chef Art Smith's Homecomin',Planet Hollywood,D-Luxe Burger,STK Orlando,Blaze Fast-Fire'd Pizza,Enzo's Hideaway,Jock Lindsey's Hangar Bar,Morimoto Asia,Jaleo by José Andrés,House of Blues Restaurant & Bar,City Works Eatery & Pour House,Wine Bar George – A Restaurant & Bar,Chicken Guy!,Maria & Enzo's Ristorante,,,,
Rainforest Cafe® at Disney Springs Marketplace,T-REX ™,Blaze Fast-Fire'd Pizza,Earl Of Sandwich®,D-Luxe Burger,STK Orlando,House of Blues Restaurant & Bar,,Splitsville Dining Room,Maria & Enzo's Ristorante,Pizza Ponte,Wolfgang Puck Bar & Grill,,,,,,,,
STK Orlando,Enzo's Hideaway,"The BOATHOUSE®: Great Food, Waterfront Dining, Dream Boats™",Earl Of Sandwich®,Wolfgang Puck Bar & Grill,D-Luxe Burger,Blaze Fast-Fire'd Pizza,Jock Lindsey's Hangar Bar,Morimoto Asia,House of Blues Restaurant & Bar,AMC® Disney Springs 24 Dine-In Theatres,,,,,,,,,
D-Luxe Burger,"Paradiso 37, Taste of the Americas",Chef Art Smith's Homecomin',Jaleo by José Andrés,Blaze Fast-Fire'd Pizza,Sprinkles,Rainforest Cafe® at Disney Springs Marketplace,T-REX ™,Paddlefish,Jock Lindsey's Hangar Bar,Chicken Guy!,,,,,,,,,
Wolfgang Puck Bar & Grill,"The BOATHOUSE®: Great Food, Waterfront Dining, Dream Boats™",Raglan Road™ Irish Pub and Restaurant,Morimoto Asia,Rainforest Cafe® at Disney Springs Marketplace,T-REX ™,Splitsville Dining Room,House of Blues Restaurant & Bar,Planet Hollywood,Blaze Fast-Fire'd Pizza,The Polite Pig,Ghirardelli Soda Fountain & Chocolate Shop,Wine Bar George – A Restaurant & Bar,Jock Lindsey's Hangar Bar,The Edison,Enzo's Hideaway,Jaleo by José Andrés,,,
"The BOATHOUSE®: Great Food, Waterfront Dining, Dream Boats™",STK Orlando,Chef Art Smith's Homecomin',Enzo's Hideaway,Chicken Guy!,Paddlefish,Terralina Crafted Italian,Jaleo by José Andrés,Wine Bar George – A Restaurant & Bar,Planet Hollywood,The Polite Pig,Maria & Enzo's Ristorante,Wolfgang Puck Bar & Grill,Raglan Road™ Irish Pub and Restaurant,Earl Of Sandwich®,,,,,
Chicken Guy!,Planet Hollywood,,,,,,Blaze Fast-Fire'd Pizza,,,,,,,,,,,,
Raglan Road™ Irish Pub and Restaurant,,Wolfgang Puck Bar & Grill,Paddlefish,Morimoto Asia,"The BOATHOUSE®: Great Food, Waterfront Dining, Dream Boats™",Jock Lindsey's Hangar Bar,D-Luxe Burger,Sprinkles,Planet Hollywood,Chicken Guy!,,,,,,,,,
Wine Bar George – A Restaurant & Bar,Chicken Guy!,Jaleo by José Andrés,"The BOATHOUSE®: Great Food, Waterfront Dining, Dream Boats™",The Edison,House of Blues Restaurant & Bar,Rainforest Cafe® at Disney Springs Marketplace,,,,,,,,,,,,,
Jaleo by José Andrés,Rainforest Cafe® at Disney Springs Marketplace,Chef Art Smith's Homecomin',Morimoto Asia,STK Orlando,Raglan Road™ Irish Pub and Restaurant,"The BOATHOUSE®: Great Food, Waterfront Dining, Dream Boats™",,AristoCrêpes,,Earl Of Sandwich®,Jock Lindsey's Hangar Bar,Wine Bar George – A Restaurant & Bar,Wolfgang Puck Bar & Grill,,,,,,
Earl Of Sandwich®,"The BOATHOUSE®: Great Food, Waterfront Dining, Dream Boats™",Wine Bar George – A Restaurant & Bar,T-REX ™,Rainforest Cafe® at Disney Springs Marketplace,Jock Lindsey's Hangar Bar,The Edison,Chicken Guy!,Morimoto Asia,Jaleo by José Andrés,,,,,,,,,,
Raglan Road™ Irish Pub and Restaurant,Morimoto Asia,Earl Of Sandwich®,"Paradiso 37, Taste of the Americas",Jock Lindsey's Hangar Bar,Enzo's Hideaway,Rainforest Cafe® at Disney Springs Marketplace,T-REX ™,Jaleo by José Andrés,Sprinkles,,,,,,,,,,
Jaleo by José Andrés,Wolfgang Puck Bar & Grill,The Edison,Rainforest Cafe® at Disney Springs Marketplace,T-REX ™,Ghirardelli Soda Fountain & Chocolate Shop,D-Luxe Burger,Maria & Enzo's Ristorante,Enzo's Hideaway,Pizza Ponte,Planet Hollywood,Chicken Guy!,House of Blues Restaurant & Bar,Chef Art Smith's Homecomin',"The BOATHOUSE®: Great Food, Waterfront Dining, Dream Boats™",Paddlefish,The Polite Pig,Frontera Cocina,,
The Edison,Maria & Enzo's Ristorante,"Paradiso 37, Taste of the Americas","The BOATHOUSE®: Great Food, Waterfront Dining, Dream Boats™",House of Blues Restaurant & Bar,Morimoto Asia,Chef Art Smith's Homecomin',Raglan Road™ Irish Pub and Restaurant,Splitsville Dining Room,Paddlefish,Jock Lindsey's Hangar Bar,Earl Of Sandwich®,,,,,,,,
,T-REX ™,,,,,,,,,,,,,,,,,,
Rainforest Cafe® at Disney Springs Marketplace,Blaze Fast-Fire'd Pizza,Jock Lindsey's Hangar Bar,Chef Art Smith's Homecomin',Morimoto Asia,,The Edison,,,,,,,,,,,,,
"The BOATHOUSE®: Great Food, Waterfront Dining, Dream Boats™",Chicken Guy!,Wolfgang Puck Bar & Grill,Wolfgang Puck® Express at Disney Springs Marketplace,Ghirardelli Soda Fountain & Chocolate Shop,,,,,,,,,,,,,,,
D-Luxe Burger,Wolfgang Puck Bar & Grill,Earl Of Sandwich®,Morimoto Asia,"The BOATHOUSE®: Great Food, Waterfront Dining, Dream Boats™",Paddlefish,Planet Hollywood,,,,,,,,,,,,,
"The BOATHOUSE®: Great Food, Waterfront Dining, Dream Boats™",Pizza Ponte,City Works Eatery & Pour House,Earl Of Sandwich®,House of Blues Restaurant & Bar,Rainforest Cafe® at Disney Springs Marketplace,Planet Hollywood,STARBUCKS® at Disney Springs Marketplace,Joffrey's Coffee & Tea Company® at The Landing at Disney Springs,,,,,,,,,,,
Chicken Guy!,T-REX ™,Rainforest Cafe® at Disney Springs Marketplace,Enzo's Hideaway,Maria & Enzo's Ristorante,Splitsville Dining Room,"The BOATHOUSE®: Great Food, Waterfront Dining, Dream Boats™",,,,,,,,,,,,,
The Polite Pig,"The BOATHOUSE®: Great Food, Waterfront Dining, Dream Boats™",Rainforest Cafe® at Disney Springs Marketplace,Planet Hollywood,Earl Of Sandwich®,Sprinkles,,,,,,,,,,,,,,
STK Orlando,House of Blues Restaurant & Bar,Splitsville Dining Room,,Rainforest Cafe® at Disney Springs Marketplace,Ghirardelli Soda Fountain & Chocolate Shop,Jaleo by José Andrés,,,,,,,,,,,,,
Morimoto Asia,Chicken Guy!,D-Luxe Burger,T-REX ™,Rainforest Cafe® at Disney Springs Marketplace,The Polite Pig,"The BOATHOUSE®: Great Food, Waterfront Dining, Dream Boats™",STK Orlando,Chef Art Smith's Homecomin',Planet Hollywood,Earl Of Sandwich®,Jaleo by José Andrés,Enzo's Hideaway,Blaze Fast-Fire'd Pizza,,,,,,
Rainforest Cafe® at Disney Springs Marketplace,Chef Art Smith's Homecomin',Planet Hollywood,,Morimoto Asia,The Polite Pig,Earl Of Sandwich®,"The BOATHOUSE®: Great Food, Waterfront Dining, Dream Boats™",STK Orlando,,Chicken Guy!,D-Luxe Burger,Enzo's Hideaway,Blaze Fast-Fire'd Pizza,,,,,,
"The BOATHOUSE®: Great Food, Waterfront Dining, Dream Boats™",,Enzo's Hideaway,Wolfgang Puck Bar & Grill,Jaleo by José Andrés,Chicken Guy!,D-Luxe Burger,Blaze Fast-Fire'd Pizza,STARBUCKS® at Disney Springs Marketplace,Häagen-Dazs® Kiosk at Disney Springs West Side,Wetzel's Pretzels Kiosk at Disney Springs Marketplace,,,,,,,,,
Wolfgang Puck Bar & Grill,Jaleo by José Andrés,Chicken Guy!,Rainforest Cafe® at Disney Springs Marketplace,T-REX ™,The Polite Pig,City Works Eatery & Pour House,House of Blues Restaurant & Bar,,,,,,,,,,,,
Paddlefish,Blaze Fast-Fire'd Pizza,Chicken Guy!,Rainforest Cafe® at Disney Springs Marketplace,T-REX ™,Earl Of Sandwich®,"The BOATHOUSE®: Great Food, Waterfront Dining, Dream Boats™",Wine Bar George – A Restaurant & Bar,Morimoto Asia,Jaleo by José Andrés,Chef Art Smith's Homecomin',,,,,,,,,
Wine Bar George – A Restaurant & Bar,STK Orlando,"The BOATHOUSE®: Great Food, Waterfront Dining, Dream Boats™",Paddlefish,Chicken Guy!,Planet Hollywood,Rainforest Cafe® at Disney Springs Marketplace,T-REX ™,Morimoto Asia,Sprinkles,D-Luxe Burger,Chef Art Smith's Homecomin',Jaleo by José Andrés,,,,,,,
Paddlefish,Chef Art Smith's Homecomin',STK Orlando,The Edison,Raglan Road™ Irish Pub and Restaurant,The Polite Pig,Splitsville Dining Room,House of Blues Restaurant & Bar,City Works Eatery & Pour House,Blaze Fast-Fire'd Pizza,STARBUCKS® at Disney Springs Marketplace,Sprinkles,Earl Of Sandwich®,Rainforest Cafe® at Disney Springs Marketplace,AristoCrêpes,,,,,
Wine Bar George – A Restaurant & Bar,Splitsville Dining Room,Chef Art Smith's Homecomin',"The BOATHOUSE®: Great Food, Waterfront Dining, Dream Boats™","Paradiso 37, Taste of the Americas",Jaleo by José Andrés,Planet Hollywood,Chicken Guy!,Earl Of Sandwich®,Rainforest Cafe® at Disney Springs Marketplace,T-REX ™,STARBUCKS® at Disney Springs Marketplace,Maria & Enzo's Ristorante,Enzo's Hideaway,The Edison,Ghirardelli Soda Fountain & Chocolate Shop,House of Blues Restaurant & Bar,Gideon's Bakehouse,,
Morimoto Asia,Earl Of Sandwich®,Chef Art Smith's Homecomin',Chicken Guy!,The Polite Pig,Wine Bar George – A Restaurant & Bar,Raglan Road™ Irish Pub and Restaurant,D-Luxe Burger,"The BOATHOUSE®: Great Food, Waterfront Dining, Dream Boats™",Jock Lindsey's Hangar Bar,Paddlefish,City Works Eatery & Pour House,"Paradiso 37, Taste of the Americas",Pizza Ponte,Blaze Fast-Fire'd Pizza,Wolfgang Puck Bar & Grill,,,,
Rainforest Cafe® at Disney Springs Marketplace,Earl Of Sandwich®,Ghirardelli Soda Fountain & Chocolate Shop,Wetzel's Pretzels Kiosk at Disney Springs Marketplace,Enzo's Hideaway,Raglan Road™ Irish Pub and Restaurant,Morimoto Asia,,STARBUCKS® at Disney Springs Marketplace,,,,,,,,,,,
Jaleo by José Andrés,D-Luxe Burger,Chef Art Smith's Homecomin',Wine Bar George – A Restaurant & Bar,Frontera Cocina,,,,,,,,,,,,,,,
Raglan Road™ Irish Pub and Restaurant,"The BOATHOUSE®: Great Food, Waterfront Dining, Dream Boats™",Jock Lindsey's Hangar Bar,Morimoto Asia,Chef Art Smith's Homecomin',Wolfgang Puck® Express at Disney Springs Marketplace,Wine Bar George – A Restaurant & Bar,Chicken Guy!,,,,,,,,,,,,
Rainforest Cafe® at Disney Springs Marketplace,STK Orlando,Chef Art Smith's Homecomin',Morimoto Asia,"The BOATHOUSE®: Great Food, Waterfront Dining, Dream Boats™",Chicken Guy!,Planet Hollywood,Paddlefish,Jaleo by José Andrés,Splitsville Dining Room,Frontera Cocina,Earl Of Sandwich®,Wolfgang Puck Bar & Grill,Wine Bar George – A Restaurant & Bar,,,,,,
Chef Art Smith's Homecomin',Blaze Fast-Fire'd Pizza,STK Orlando,Maria & Enzo's Ristorante,"Paradiso 37, Taste of the Americas",Jock Lindsey's Hangar Bar,"The BOATHOUSE®: Great Food, Waterfront Dining, Dream Boats™",Earl Of Sandwich®,Chicken Guy!,D-Luxe Burger,Wine Bar George – A Restaurant & Bar,,,,,,,,,
Chef Art Smith's Homecomin',T-REX ™,"The BOATHOUSE®: Great Food, Waterfront Dining, Dream Boats™",Jock Lindsey's Hangar Bar,Raglan Road™ Irish Pub and Restaurant,D-Luxe Burger,,,,,,,,,,,,,,
Wolfgang Puck Bar & Grill,STARBUCKS® at Disney Springs Marketplace,,Wolfgang Puck® Express at Disney Springs Marketplace,Earl Of Sandwich®,Rainforest Cafe® at Disney Springs Marketplace,Planet Hollywood,,,,,,,,,,,,,
Earl Of Sandwich®,Rainforest Cafe® at Disney Springs Marketplace,,,,,,,,,,,,,,,,,,
"The BOATHOUSE®: Great Food, Waterfront Dining, Dream Boats™",T-REX ™,Rainforest Cafe® at Disney Springs Marketplace,Chef Art Smith's Homecomin',STK Orlando,Wolfgang Puck Bar & Grill,Chicken Guy!,Splitsville Dining Room,The Edison,,,,,,,,,,,
Chicken Guy!,Ghirardelli Soda Fountain & Chocolate Shop,Rainforest Cafe® at Disney Springs Marketplace,Planet Hollywood,,Splitsville Dining Room,Wolfgang Puck Bar & Grill,The Edison,Maria & Enzo's Ristorante,Jaleo by José Andrés,Coca-Cola Store Rooftop Beverage Bar,,,,,,,,,
"The BOATHOUSE®: Great Food, Waterfront Dining, Dream Boats™",Chef Art Smith's Homecomin',T-REX ™,,,,,,,,,,,,,,,,,
T-REX ™,Rainforest Cafe® at Disney Springs Marketplace,Planet Hollywood,Sprinkles,,,,,,,,,,,,,,,,
Morimoto Asia,Raglan Road™ Irish Pub and Restaurant,Jock Lindsey's Hangar Bar,Wine Bar George – A Restaurant & Bar,Maria & Enzo's Ristorante,Rainforest Cafe® at Disney Springs Marketplace,The Polite Pig,Chicken Guy!,Jaleo by José Andrés,Chef Art Smith's Homecomin',"The BOATHOUSE®: Great Food, Waterfront Dining, Dream Boats™",City Works Eatery & Pour House,Blaze Fast-Fire'd Pizza,Terralina Crafted Italian,Enzo's Hideaway,Splitsville Dining Room,D-Luxe Burger,T-REX ™,,
"The BOATHOUSE®: Great Food, Waterfront Dining, Dream Boats™",Earl Of Sandwich®,Jock Lindsey's Hangar Bar,,,,,,,,,,,,,,,,,
Jaleo by José Andrés,Splitsville Dining Room,The Polite Pig,STK Orlando,"The BOATHOUSE®: Great Food, Waterfront Dining, Dream Boats™",T-REX ™,Rainforest Cafe® at Disney Springs Marketplace,Ghirardelli Soda Fountain & Chocolate Shop,STARBUCKS® at Disney Springs Marketplace,Earl Of Sandwich®,Sprinkles,,Wine Bar George – A Restaurant & Bar,House of Blues Restaurant & Bar,,,,,,
Earl Of Sandwich®,Raglan Road™ Irish Pub and Restaurant,Wine Bar George – A Restaurant & Bar,Wolfgang Puck® Express at Disney Springs Marketplace,,,,,,,,,,,,,,,,
Raglan Road™ Irish Pub and Restaurant,Rainforest Cafe® at Disney Springs Marketplace,Sprinkles,Planet Hollywood,The Edison,Jock Lindsey's Hangar Bar,,,,,,,,,,,,,,
Jock Lindsey's Hangar Bar,Blaze Fast-Fire'd Pizza,Wine Bar George – A Restaurant & Bar,,,,,,,,,,,,,,,,,
Jock Lindsey's Hangar Bar,The Edison,Splitsville Dining Room,City Works Eatery & Pour House,House of Blues Restaurant & Bar,Wine Bar George – A Restaurant & Bar,Chef Art Smith's Homecomin',Morimoto Asia,,,,,,,,,,,,
Morimoto Asia,Paddlefish,"The BOATHOUSE®: Great Food, Waterfront Dining, Dream Boats™",,Jaleo by José Andrés,Planet Hollywood,Wolfgang Puck Bar & Grill,,,,,,,,,,,,,
The Edison,Rainforest Cafe® at Disney Springs Marketplace,The Polite Pig,Chicken Guy!,T-REX ™,Maria & Enzo's Ristorante,Enzo's Hideaway,Morimoto Asia,"The BOATHOUSE®: Great Food, Waterfront Dining, Dream Boats™",Jock Lindsey's Hangar Bar,Earl Of Sandwich®,,,,,,,,,
Rainforest Cafe® at Disney Springs Marketplace,Planet Hollywood,Chicken Guy!,STK Orlando,Blaze Fast-Fire'd Pizza,Maria & Enzo's Ristorante,Enzo's Hideaway,Raglan Road™ Irish Pub and Restaurant,Paddlefish,The Polite Pig,Wine Bar George – A Restaurant & Bar,Jaleo by José Andrés,T-REX ™,Morimoto Asia,Cookes of Dublin,"The BOATHOUSE®: Great Food, Waterfront Dining, Dream Boats™",,,,
Jock Lindsey's Hangar Bar,Planet Hollywood,Rainforest Cafe® at Disney Springs Marketplace,Chicken Guy!,,Blaze Fast-Fire'd Pizza,Morimoto Asia,Chef Art Smith's Homecomin',"Paradiso 37, Taste of the Americas",The Polite Pig,House of Blues Restaurant & Bar,,,,,,,,,
Raglan Road™ Irish Pub and Restaurant,Jock Lindsey's Hangar Bar,T-REX ™,Rainforest Cafe® at Disney Springs Marketplace,Morimoto Asia,Paddlefish,Planet Hollywood,Chicken Guy!,,,,,,,,,,,,
T-REX ™,Planet Hollywood,Rainforest Cafe® at Disney Springs Marketplace,Chicken Guy!,D-Luxe Burger,Blaze Fast-Fire'd Pizza,House of Blues Restaurant & Bar,Jaleo by José Andrés,Ghirardelli Soda Fountain & Chocolate Shop,Earl Of Sandwich®,AMC® Disney Springs 24 Dine-In Theatres,Splitsville Dining Room,Morimoto Asia,Enzo's Hideaway,Maria & Enzo's Ristorante,The Edison,STK Orlando,Raglan Road™ Irish Pub and Restaurant,Cookes of Dublin,Jock Lindsey's Hangar Bar
"The BOATHOUSE®: Great Food, Waterfront Dining, Dream Boats™",Morimoto Asia,Jaleo by José Andrés,City Works Eatery & Pour House,Jock Lindsey's Hangar Bar,Paddlefish,Earl Of Sandwich®,Chef Art Smith's Homecomin',Blaze Fast-Fire'd Pizza,,B.B. Wolf's Sausage Co.,T-REX ™,Rainforest Cafe® at Disney Springs Marketplace,Maria & Enzo's Ristorante,The Polite Pig,Amorette's Patisserie,Frontera Cocina,,,
Morimoto Asia,Earl Of Sandwich®,"The BOATHOUSE®: Great Food, Waterfront Dining, Dream Boats™",Blaze Fast-Fire'd Pizza,House of Blues Restaurant & Bar,"Paradiso 37, Taste of the Americas",Planet Hollywood,T-REX ™,Rainforest Cafe® at Disney Springs Marketplace,,,,,,,,,,,
Jaleo by José Andrés,"Paradiso 37, Taste of the Americas",Raglan Road™ Irish Pub and Restaurant,Chef Art Smith's Homecomin',Maria & Enzo's Ristorante,Paddlefish,"The BOATHOUSE®: Great Food, Waterfront Dining, Dream Boats™",T-REX ™,Rainforest Cafe® at Disney Springs Marketplace,Blaze Fast-Fire'd Pizza,The Polite Pig,House of Blues Restaurant & Bar,Morimoto Asia,Chicken Guy!,Enzo's Hideaway,,,,,
,Rainforest Cafe® at Disney Springs Marketplace,T-REX ™,Chef Art Smith's Homecomin',,,,,,,,,,,,,,,,
T-REX ™,Rainforest Cafe® at Disney Springs Marketplace,Morimoto Asia,Raglan Road™ Irish Pub and Restaurant,"The BOATHOUSE®: Great Food, Waterfront Dining, Dream Boats™",Wolfgang Puck Bar & Grill,,,,,,,,,,,,,,
"The BOATHOUSE®: Great Food, Waterfront Dining, Dream Boats™",The Edison,Jock Lindsey's Hangar Bar,The Polite Pig,Earl Of Sandwich®,Sprinkles,,Splitsville Dining Room,Erin McKenna's Bakery NYC,Blaze Fast-Fire'd Pizza,,,,,,,,,,
"The BOATHOUSE®: Great Food, Waterfront Dining, Dream Boats™",D-Luxe Burger,Planet Hollywood,Morimoto Asia,Raglan Road™ Irish Pub and Restaurant,,,,,,,,,,,,,,,
Rainforest Cafe® at Disney Springs Marketplace,,,,,,,,,,,,,,,,,,,
Chef Art Smith's Homecomin',"The BOATHOUSE®: Great Food, Waterfront Dining, Dream Boats™",Rainforest Cafe® at Disney Springs Marketplace,T-REX ™,STARBUCKS® at Disney Springs Marketplace,Paddlefish,Wine Bar George – A Restaurant & Bar,Enzo's Hideaway,Jock Lindsey's Hangar Bar,"Paradiso 37, Taste of the Americas",Planet Hollywood,Splitsville Dining Room,,,,,,,,
T-REX ™,"The BOATHOUSE®: Great Food, Waterfront Dining, Dream Boats™",Chef Art Smith's Homecomin',Jaleo by José Andrés,House of Blues Restaurant & Bar,Paddlefish,Jock Lindsey's Hangar Bar,Raglan Road™ Irish Pub and Restaurant,Chicken Guy!,Wine Bar George – A Restaurant & Bar,,,,,,,,,,
Morimoto Asia,Chef Art Smith's Homecomin',Jaleo by José Andrés,House of Blues Restaurant & Bar,Maria & Enzo's Ristorante,Enzo's Hideaway,,Earl Of Sandwich®,STK Orlando,"The BOATHOUSE®: Great Food, Waterfront Dining, Dream Boats™",Jock Lindsey's Hangar Bar,Raglan Road™ Irish Pub and Restaurant,,Wine Bar George – A Restaurant & Bar,City Works Eatery & Pour House,Frontera Cocina,,,,
The Edison,Wolfgang Puck Bar & Grill,Chicken Guy!,Chef Art Smith's Homecomin',Morimoto Asia,"The BOATHOUSE®: Great Food, Waterfront Dining, Dream Boats™",Paddlefish,Planet Hollywood,T-REX ™,Rainforest Cafe® at Disney Springs Marketplace,The Polite Pig,Earl Of Sandwich®,AristoCrêpes,Wine Bar George – A Restaurant & Bar,Blaze Fast-Fire'd Pizza,City Works Eatery & Pour House,Raglan Road™ Irish Pub and Restaurant,Terralina Crafted Italian,STK Orlando,Maria & Enzo's Ristorante
Jaleo by José Andrés,Chicken Guy!,"The BOATHOUSE®: Great Food, Waterfront Dining, Dream Boats™",Morimoto Asia,Raglan Road™ Irish Pub and Restaurant,Blaze Fast-Fire'd Pizza,Jock Lindsey's Hangar Bar,Enzo's Hideaway,Maria & Enzo's Ristorante,,Planet Hollywood,,,,,,,,,
,Erin McKenna's Bakery NYC,"The BOATHOUSE®: Great Food, Waterfront Dining, Dream Boats™",STARBUCKS® at Disney Springs Marketplace,Ghirardelli Soda Fountain & Chocolate Shop,Blaze Fast-Fire'd Pizza,Chicken Guy!,STK Orlando,,,,,,,,,,,,
Chef Art Smith's Homecomin',STK Orlando,Morimoto Asia,Paddlefish,"The BOATHOUSE®: Great Food, Waterfront Dining, Dream Boats™",City Works Eatery & Pour House,Jaleo by José Andrés,House of Blues Restaurant & Bar,T-REX ™,Rainforest Cafe® at Disney Springs Marketplace,Wolfgang Puck Bar & Grill,Maria & Enzo's Ristorante,Jock Lindsey's Hangar Bar,"Paradiso 37, Taste of the Americas",Raglan Road™ Irish Pub and Restaurant,Terralina Crafted Italian,The Edison,Frontera Cocina,Planet Hollywood,Wine Bar George – A Restaurant & Bar
The Polite Pig,Chef Art Smith's Homecomin',Rainforest Cafe® at Disney Springs Marketplace,Chicken Guy!,,,,,,,,,,,,,,,,
"The BOATHOUSE®: Great Food, Waterfront Dining, Dream Boats™",STK Orlando,Paddlefish,Rainforest Cafe® at Disney Springs Marketplace,T-REX ™,Raglan Road™ Irish Pub and Restaurant,House of Blues Restaurant & Bar,"Paradiso 37, Taste of the Americas",Frontera Cocina,Chef Art Smith's Homecomin',The Polite Pig,Earl Of Sandwich®,Blaze Fast-Fire'd Pizza,Wine Bar George – A Restaurant & Bar,Jock Lindsey's Hangar Bar,Morimoto Asia,Maria & Enzo's Ristorante,Pizza Ponte,The Edison,Wolfgang Puck Bar & Grill
Morimoto Asia,"The BOATHOUSE®: Great Food, Waterfront Dining, Dream Boats™","Paradiso 37, Taste of the Americas",Rainforest Cafe® at Disney Springs Marketplace,T-REX ™,Ghirardelli Soda Fountain & Chocolate Shop,Planet Hollywood,,Splitsville Dining Room,,,,,,,,,,,
Chef Art Smith's Homecomin',"The BOATHOUSE®: Great Food, Waterfront Dining, Dream Boats™",Maria & Enzo's Ristorante,Terralina Crafted Italian,Paddlefish,House of Blues Restaurant & Bar,Chicken Guy!,Raglan Road™ Irish Pub and Restaurant,The Edison,Wolfgang Puck Bar & Grill,Morimoto Asia,Cookes of Dublin,Splitsville Dining Room,T-REX ™,,,,,,
Earl Of Sandwich®,Chef Art Smith's Homecomin',Paddlefish,City Works Eatery & Pour House,Rainforest Cafe® at Disney Springs Marketplace,T-REX ™,The Polite Pig,Amorette's Patisserie,Erin McKenna's Bakery NYC,Frontera Cocina,Blaze Fast-Fire'd Pizza,4 Rivers Cantina Barbacoa Food Truck,Morimoto Asia,,,,,,,
Chef Art Smith's Homecomin',Morimoto Asia,Maria & Enzo's Ristorante,Jock Lindsey's Hangar Bar,"The BOATHOUSE®: Great Food, Waterfront Dining, Dream Boats™",Paddlefish,T-REX ™,Rainforest Cafe® at Disney Springs Marketplace,Wolfgang Puck Bar & Grill,,The Edison,Earl Of Sandwich®,Chicken Guy!,Planet Hollywood,House of Blues Restaurant & Bar,,Wine Bar George – A Restaurant & Bar,Cookes of Dublin,Blaze Fast-Fire'd Pizza,The Polite Pig
STK Orlando,Paddlefish,Maria & Enzo's Ristorante,Jaleo by José Andrés,Chicken Guy!,"The BOATHOUSE®: Great Food, Waterfront Dining, Dream Boats™",Wine Bar George – A Restaurant & Bar,Wolfgang Puck Bar & Grill,Planet Hollywood,House of Blues Restaurant & Bar,Rainforest Cafe® at Disney Springs Marketplace,Enzo's Hideaway,The Polite Pig,Blaze Fast-Fire'd Pizza,Raglan Road™ Irish Pub and Restaurant,Morimoto Asia,Chef Art Smith's Homecomin',Jock Lindsey's Hangar Bar,Splitsville Dining Room,Pizza Ponte
"The BOATHOUSE®: Great Food, Waterfront Dining, Dream Boats™",Jock Lindsey's Hangar Bar,Paddlefish,Blaze Fast-Fire'd Pizza,Maria & Enzo's Ristorante,The Polite Pig,City Works Eatery & Pour House,House of Blues Restaurant & Bar,The Daily Poutine,B.B. Wolf's Sausage Co.,"Paradiso 37, Taste of the Americas",Chef Art Smith's Homecomin',D-Luxe Burger,Chicken Guy!,,,,,,
Planet Hollywood,Blaze Fast-Fire'd Pizza,T-REX ™,,,,,,,,,,,,,,,,,
Chef Art Smith's Homecomin',D-Luxe Burger,Blaze Fast-Fire'd Pizza,Rainforest Cafe® at Disney Springs Marketplace,T-REX ™,"The BOATHOUSE®: Great Food, Waterfront Dining, Dream Boats™",House of Blues Restaurant & Bar,Frontera Cocina,Enzo's Hideaway,Wine Bar George – A Restaurant & Bar,Chicken Guy!,Planet Hollywood,Earl Of Sandwich®,The Edison,Ghirardelli Soda Fountain & Chocolate Shop,Morimoto Asia,The Polite Pig,,,
"Paradiso 37, Taste of the Americas",Wolfgang Puck Bar & Grill,Earl Of Sandwich®,,,,,,,,,,,,,,,,,
Wolfgang Puck Bar & Grill,The Polite Pig,Frontera Cocina,Blaze Fast-Fire'd Pizza,T-REX ™,Planet Hollywood,Chicken Guy!,"Paradiso 37, Taste of the Americas",Maria & Enzo's Ristorante,Enzo's Hideaway,Rainforest Cafe® at Disney Springs Marketplace,Amorette's Patisserie,Vivoli il Gelato,Earl Of Sandwich®,,,,,,
Ghirardelli Soda Fountain & Chocolate Shop,Chicken Guy!,Rainforest Cafe® at Disney Springs Marketplace,Planet Hollywood,T-REX ™,Earl Of Sandwich®,Wolfgang Puck Bar & Grill,The Polite Pig,House of Blues Restaurant & Bar,,,,,,,,,,,
Paddlefish,Raglan Road™ Irish Pub and Restaurant,Cookes of Dublin,"The BOATHOUSE®: Great Food, Waterfront Dining, Dream Boats™",STK Orlando,The Edison,Maria & Enzo's Ristorante,Planet Hollywood,Chicken Guy!,Wolfgang Puck Bar & Grill,Jaleo by José Andrés,,,,,,,,,
The Polite Pig,Earl Of Sandwich®,Rainforest Cafe® at Disney Springs Marketplace,T-REX ™,Chef Art Smith's Homecomin',Planet Hollywood,,,,,,,,,,,,,,
Chef Art Smith's Homecomin',Earl Of Sandwich®,Morimoto Asia,"The BOATHOUSE®: Great Food, Waterfront Dining, Dream Boats™",The Polite Pig,Planet Hollywood,Chicken Guy!,Wolfgang Puck Bar & Grill,Raglan Road™ Irish Pub and Restaurant,T-REX ™,Rainforest Cafe® at Disney Springs Marketplace,,,,,,,,,
House of Blues Restaurant & Bar,Chef Art Smith's Homecomin',Morimoto Asia,Wine Bar George – A Restaurant & Bar,Jock Lindsey's Hangar Bar,Rainforest Cafe® at Disney Springs Marketplace,Planet Hollywood,T-REX ™,"The BOATHOUSE®: Great Food, Waterfront Dining, Dream Boats™",Paddlefish,"Paradiso 37, Taste of the Americas",Enzo's Hideaway,Maria & Enzo's Ristorante,The Edison,STK Orlando,Rainforest Cafe® at Disney Springs Marketplace,Raglan Road™ Irish Pub and Restaurant,Splitsville Dining Room,Earl Of Sandwich®,
STK Orlando,Planet Hollywood,"The BOATHOUSE®: Great Food, Waterfront Dining, Dream Boats™",Wine Bar George – A Restaurant & Bar,,Chef Art Smith's Homecomin',,,,,,,,,,,,,,
Planet Hollywood,"The BOATHOUSE®: Great Food, Waterfront Dining, Dream Boats™",Wine Bar George – A Restaurant & Bar,Earl Of Sandwich®,Chicken Guy!,Jaleo by José Andrés,The Polite Pig,Rainforest Cafe® at Disney Springs Marketplace,T-REX ™,,,,,,,,,,,
T-REX ™,Rainforest Cafe® at Disney Springs Marketplace,Chef Art Smith's Homecomin',Earl Of Sandwich®,The Polite Pig,Planet Hollywood,Chicken Guy!,Jock Lindsey's Hangar Bar,"The BOATHOUSE®: Great Food, Waterfront Dining, Dream Boats™",Raglan Road™ Irish Pub and Restaurant,STK Orlando,Morimoto Asia,,,,,,,,
T-REX ™,Rainforest Cafe® at Disney Springs Marketplace,Wolfgang Puck Bar & Grill,Morimoto Asia,Chef Art Smith's Homecomin',"The BOATHOUSE®: Great Food, Waterfront Dining, Dream Boats™",The Edison,Frontera Cocina,,,,,,,,,,,,
D-Luxe Burger,Rainforest Cafe® at Disney Springs Marketplace,Chef Art Smith's Homecomin',Morimoto Asia,T-REX ™,Jock Lindsey's Hangar Bar,Planet Hollywood,"The BOATHOUSE®: Great Food, Waterfront Dining, Dream Boats™",,,,,,,,,,,,
Wine Bar George – A Restaurant & Bar,"The BOATHOUSE®: Great Food, Waterfront Dining, Dream Boats™",Raglan Road™ Irish Pub and Restaurant,Jock Lindsey's Hangar Bar,,Rainforest Cafe® at Disney Springs Marketplace,T-REX ™,Frontera Cocina,Wolfgang Puck Bar & Grill,"Paradiso 37, Taste of the Americas",,,,,,,,,,
Rainforest Cafe® at Disney Springs Marketplace,,,,,,,,,,,,,,,,,,,
Raglan Road™ Irish Pub and Restaurant,Rainforest Cafe® at Disney Springs Marketplace,,,,,,,,,,,,,,,,,,
Rainforest Cafe® at Disney Springs Marketplace,Planet Hollywood,,,,,,,,,,,,,,,,,,
Chef Art Smith's Homecomin',Raglan Road™ Irish Pub and Restaurant,Rainforest Cafe® at Disney Springs Marketplace,T-REX ™,House of Blues Restaurant & Bar,Earl Of Sandwich®,Paddlefish,"The BOATHOUSE®: Great Food, Waterfront Dining, Dream Boats™",Wine Bar George – A Restaurant & Bar,STK Orlando,Jaleo by José Andrés,"Paradiso 37, Taste of the Americas",Chicken Guy!,The Polite Pig,Morimoto Asia,,,,,
The Polite Pig,Rainforest Cafe® at Disney Springs Marketplace,T-REX ™,Blaze Fast-Fire'd Pizza,D-Luxe Burger,Frontera Cocina,Maria & Enzo's Ristorante,STK Orlando,,,,,,,,,,,,
Wolfgang Puck Bar & Grill,Rainforest Cafe® at Disney Springs Marketplace,,"The BOATHOUSE®: Great Food, Waterfront Dining, Dream Boats™",Paddlefish,Terralina Crafted Italian,Maria & Enzo's Ristorante,House of Blues Restaurant & Bar,Splitsville Dining Room,Blaze Fast-Fire'd Pizza,,,,,,,,,,
Jock Lindsey's Hangar Bar,Chef Art Smith's Homecomin',Rainforest Cafe® at Disney Springs Marketplace,T-REX ™,Earl Of Sandwich®,STK Orlando,,,,,,,,,,,,,,
T-REX ™,Rainforest Cafe® at Disney Springs Marketplace,"The BOATHOUSE®: Great Food, Waterfront Dining, Dream Boats™",Morimoto Asia,Jaleo by José Andrés,Pizza Ponte,Jock Lindsey's Hangar Bar,Planet Hollywood,Chicken Guy!,AMC® Disney Springs 24 Dine-In Theatres,,,,,,,,,,